DSW,THC,LMS,SS,LX,YLG,CH,Q,DSW,THC,LMS,SS,LX,YLG,CH,Q,DSW,THC,LMS,SS,LX,YLG,CH,Q,DSW,THC,LMS,SS,LX,YLG,CH,Q,DSW,THC,LMS,SS,LX,YLG,CH,Q,DSW,THC,LMS,SS,LX,YLG,CH,Q,DSW,THC,LMS,SS,LX,YLG,CH,Q,DSW,THC,LMS,SS,LX,YLG,CH,Q,DSW,THC,LMS,SS,LX,YLG,CH,Q,DSW,THC,LMS,SS,LX,YLG,CH,Q,DSW,THC,LMS,SS,LX,YLG,CH,Q,DSW,THC,LMS,SS,LX,YLG,CH,Q,q_t+1
0,0,0.1,0.27,0,1.42,0.5,62.73,0,0,0.1,0.27,0,1.42,0.5,61.46,0,0,2.2,4.5,6,1.42,0,60.2,0,0,2.6,0.7,1,1.42,6,61.15,0,0,2.6,0.7,1,1.42,6,61.15,0,0,2.6,0.7,1,1.42,6,62.1,0,0,9.3,6.2,6,1.42,6,65.4,0,0,0.85,2.6,8,1.42,0,68.7,0,0,0.85,2.6,8,1.42,0,72,0,0,0.7,1.8,0,0.1,0,79.36,0,0,0.7,1.8,0,0.1,0,86.73,0,0,0.7,1.8,0,0.1,0,94.1,105.55
0,0,0.1,0.27,0,1.42,0.5,61.46,0,0,2.2,4.5,6,1.42,0,60.2,0,0,2.6,0.7,1,1.42,6,61.15,0,0,2.6,0.7,1,1.42,6,62.1,0,0,2.6,0.7,1,1.42,6,62.1,0,0,9.3,6.2,6,1.42,6,65.4,0,0,0.85,2.6,8,1.42,0,68.7,0,0,0.85,2.6,8,1.42,0,72,0,0,0.7,1.8,0,0.1,0,79.36,0,0,0.7,1.8,0,0.1,0,86.73,0,0,0.7,1.8,0,0.1,0,94.1,0,0,0.7,1.8,0,0.1,0,105.55,117
0,0,2.2,4.5,6,1.42,0,60.2,0,0,2.6,0.7,1,1.42,6,61.15,0,0,2.6,0.7,1,1.42,6,62.1,0,0,9.3,6.2,6,1.42,6,65.4,0,0,9.3,6.2,6,1.42,6,65.4,0,0,0.85,2.6,8,1.42,0,68.7,0,0,0.85,2.6,8,1.42,0,72,0,0,0.7,1.8,0,0.1,0,79.36,0,0,0.7,1.8,0,0.1,0,86.73,0,0,0.7,1.8,0,0.1,0,94.1,0,0,0.7,1.8,0,0.1,0,105.55,0,0,0.7,1.8,0,0.1,0,117,123
0,0,2.6,0.7,1,1.42,6,61.15,0,0,2.6,0.7,1,1.42,6,62.1,0,0,9.3,6.2,6,1.42,6,65.4,0,0,0.85,2.6,8,1.42,0,68.7,0,0,0.85,2.6,8,1.42,0,68.7,0,0,0.85,2.6,8,1.42,0,72,0,0,0.7,1.8,0,0.1,0,79.36,0,0,0.7,1.8,0,0.1,0,86.73,0,0,0.7,1.8,0,0.1,0,94.1,0,0,0.7,1.8,0,0.1,0,105.55,0,0,0.7,1.8,0,0.1,0,117,0,0,0.7,1.8,0,0.1,0,123,129
0,0,2.6,0.7,1,1.42,6,62.1,0,0,9.3,6.2,6,1.42,6,65.4,0,0,0.85,2.6,8,1.42,0,68.7,0,0,0.85,2.6,8,1.42,0,72,0,0,0.85,2.6,8,1.42,0,72,0,0,0.7,1.8,0,0.1,0,79.36,0,0,0.7,1.8,0,0.1,0,86.73,0,0,0.7,1.8,0,0.1,0,94.1,0,0,0.7,1.8,0,0.1,0,105.55,0,0,0.7,1.8,0,0.1,0,117,0,0,0.7,1.8,0,0.1,0,123,19,13,0.7,0.1,0,0.1,0,129,126
0,0,9.3,6.2,6,1.42,6,65.4,0,0,0.85,2.6,8,1.42,0,68.7,0,0,0.85,2.6,8,1.42,0,72,0,0,0.7,1.8,0,0.1,0,79.36,0,0,0.7,1.8,0,0.1,0,79.36,0,0,0.7,1.8,0,0.1,0,86.73,0,0,0.7,1.8,0,0.1,0,94.1,0,0,0.7,1.8,0,0.1,0,105.55,0,0,0.7,1.8,0,0.1,0,117,0,0,0.7,1.8,0,0.1,0,123,19,13,0.7,0.1,0,0.1,0,129,0,0,0.7,0.1,0,0.1,0,126,123
0,0,0.85,2.6,8,1.42,0,68.7,0,0,0.85,2.6,8,1.42,0,72,0,0,0.7,1.8,0,0.1,0,79.36,0,0,0.7,1.8,0,0.1,0,86.73,0,0,0.7,1.8,0,0.1,0,86.73,0,0,0.7,1.8,0,0.1,0,94.1,0,0,0.7,1.8,0,0.1,0,105.55,0,0,0.7,1.8,0,0.1,0,117,0,0,0.7,1.8,0,0.1,0,123,19,13,0.7,0.1,0,0.1,0,129,0,0,0.7,0.1,0,0.1,0,126,0,0,0.7,0.1,0,0.1,0,123,131
0,0,0.85,2.6,8,1.42,0,72,0,0,0.7,1.8,0,0.1,0,79.36,0,0,0.7,1.8,0,0.1,0,86.73,0,0,0.7,1.8,0,0.1,0,94.1,0,0,0.7,1.8,0,0.1,0,94.1,0,0,0.7,1.8,0,0.1,0,105.55,0,0,0.7,1.8,0,0.1,0,117,0,0,0.7,1.8,0,0.1,0,123,19,13,0.7,0.1,0,0.1,0,129,0,0,0.7,0.1,0,0.1,0,126,0,0,0.7,0.1,0,0.1,0,123,8,8,10,11.3,2,1.23,1,131,172.5
0,0,0.7,1.8,0,0.1,0,79.36,0,0,0.7,1.8,0,0.1,0,86.73,0,0,0.7,1.8,0,0.1,0,94.1,0,0,0.7,1.8,0,0.1,0,105.55,0,0,0.7,1.8,0,0.1,0,105.55,0,0,0.7,1.8,0,0.1,0,117,0,0,0.7,1.8,0,0.1,0,123,19,13,0.7,0.1,0,0.1,0,129,0,0,0.7,0.1,0,0.1,0,126,0,0,0.7,0.1,0,0.1,0,123,8,8,10,11.3,2,1.23,1,131,0,0,1.15,0.8,1,1.23,5,172.5,214
0,0,0.7,1.8,0,0.1,0,86.73,0,0,0.7,1.8,0,0.1,0,94.1,0,0,0.7,1.8,0,0.1,0,105.55,0,0,0.7,1.8,0,0.1,0,117,0,0,0.7,1.8,0,0.1,0,117,0,0,0.7,1.8,0,0.1,0,123,19,13,0.7,0.1,0,0.1,0,129,0,0,0.7,0.1,0,0.1,0,126,0,0,0.7,0.1,0,0.1,0,123,8,8,10,11.3,2,1.23,1,131,0,0,1.15,0.8,1,1.23,5,172.5,0,0,1.15,0.8,1,1.23,5,214,469
0,0,0.7,1.8,0,0.1,0,94.1,0,0,0.7,1.8,0,0.1,0,105.55,0,0,0.7,1.8,0,0.1,0,117,0,0,0.7,1.8,0,0.1,0,123,0,0,0.7,1.8,0,0.1,0,123,19,13,0.7,0.1,0,0.1,0,129,0,0,0.7,0.1,0,0.1,0,126,0,0,0.7,0.1,0,0.1,0,123,8,8,10,11.3,2,1.23,1,131,0,0,1.15,0.8,1,1.23,5,172.5,0,0,1.15,0.8,1,1.23,5,214,0,1,0.9,0.4,0,0.1,0,469,557.79
0,0,0.7,1.8,0,0.1,0,105.55,0,0,0.7,1.8,0,0.1,0,117,0,0,0.7,1.8,0,0.1,0,123,19,13,0.7,0.1,0,0.1,0,129,19,13,0.7,0.1,0,0.1,0,129,0,0,0.7,0.1,0,0.1,0,126,0,0,0.7,0.1,0,0.1,0,123,8,8,10,11.3,2,1.23,1,131,0,0,1.15,0.8,1,1.23,5,172.5,0,0,1.15,0.8,1,1.23,5,214,0,1,0.9,0.4,0,0.1,0,469,1,1,0.9,0.4,0,0.1,0,557.79,547.25
0,0,0.7,1.8,0,0.1,0,117,0,0,0.7,1.8,0,0.1,0,123,19,13,0.7,0.1,0,0.1,0,129,0,0,0.7,0.1,0,0.1,0,126,0,0,0.7,0.1,0,0.1,0,126,0,0,0.7,0.1,0,0.1,0,123,8,8,10,11.3,2,1.23,1,131,0,0,1.15,0.8,1,1.23,5,172.5,0,0,1.15,0.8,1,1.23,5,214,0,1,0.9,0.4,0,0.1,0,469,1,1,0.9,0.4,0,0.1,0,557.79,1,1,0.9,0.4,0,0.1,0,547.25,488.5
0,0,0.7,1.8,0,0.1,0,123,19,13,0.7,0.1,0,0.1,0,129,0,0,0.7,0.1,0,0.1,0,126,0,0,0.7,0.1,0,0.1,0,123,0,0,0.7,0.1,0,0.1,0,123,8,8,10,11.3,2,1.23,1,131,0,0,1.15,0.8,1,1.23,5,172.5,0,0,1.15,0.8,1,1.23,5,214,0,1,0.9,0.4,0,0.1,0,469,1,1,0.9,0.4,0,0.1,0,557.79,1,1,0.9,0.4,0,0.1,0,547.25,0,0,0.9,0.4,0,0.1,0,488.5,429.75
19,13,0.7,0.1,0,0.1,0,129,0,0,0.7,0.1,0,0.1,0,126,0,0,0.7,0.1,0,0.1,0,123,8,8,10,11.3,2,1.23,1,131,8,8,10,11.3,2,1.23,1,131,0,0,1.15,0.8,1,1.23,5,172.5,0,0,1.15,0.8,1,1.23,5,214,0,1,0.9,0.4,0,0.1,0,469,1,1,0.9,0.4,0,0.1,0,557.79,1,1,0.9,0.4,0,0.1,0,547.25,0,0,0.9,0.4,0,0.1,0,488.5,0,0,0.9,0.4,0,0.1,0,429.75,371
0,0,0.7,0.1,0,0.1,0,126,0,0,0.7,0.1,0,0.1,0,123,8,8,10,11.3,2,1.23,1,131,0,0,1.15,0.8,1,1.23,5,172.5,0,0,1.15,0.8,1,1.23,5,172.5,0,0,1.15,0.8,1,1.23,5,214,0,1,0.9,0.4,0,0.1,0,469,1,1,0.9,0.4,0,0.1,0,557.79,1,1,0.9,0.4,0,0.1,0,547.25,0,0,0.9,0.4,0,0.1,0,488.5,0,0,0.9,0.4,0,0.1,0,429.75,0,0,0.9,0.4,0,0.1,0,371,345.33
0,0,0.7,0.1,0,0.1,0,123,8,8,10,11.3,2,1.23,1,131,0,0,1.15,0.8,1,1.23,5,172.5,0,0,1.15,0.8,1,1.23,5,214,0,0,1.15,0.8,1,1.23,5,214,0,1,0.9,0.4,0,0.1,0,469,1,1,0.9,0.4,0,0.1,0,557.79,1,1,0.9,0.4,0,0.1,0,547.25,0,0,0.9,0.4,0,0.1,0,488.5,0,0,0.9,0.4,0,0.1,0,429.75,0,0,0.9,0.4,0,0.1,0,371,0,0,0.9,0.4,0,0.1,0,345.33,319.66
8,8,10,11.3,2,1.23,1,131,0,0,1.15,0.8,1,1.23,5,172.5,0,0,1.15,0.8,1,1.23,5,214,0,1,0.9,0.4,0,0.1,0,469,0,1,0.9,0.4,0,0.1,0,469,1,1,0.9,0.4,0,0.1,0,557.79,1,1,0.9,0.4,0,0.1,0,547.25,0,0,0.9,0.4,0,0.1,0,488.5,0,0,0.9,0.4,0,0.1,0,429.75,0,0,0.9,0.4,0,0.1,0,371,0,0,0.9,0.4,0,0.1,0,345.33,0,0,0.9,0.4,0,0.1,0,319.66,294
0,0,1.15,0.8,1,1.23,5,172.5,0,0,1.15,0.8,1,1.23,5,214,0,1,0.9,0.4,0,0.1,0,469,1,1,0.9,0.4,0,0.1,0,557.79,1,1,0.9,0.4,0,0.1,0,557.79,1,1,0.9,0.4,0,0.1,0,547.25,0,0,0.9,0.4,0,0.1,0,488.5,0,0,0.9,0.4,0,0.1,0,429.75,0,0,0.9,0.4,0,0.1,0,371,0,0,0.9,0.4,0,0.1,0,345.33,0,0,0.9,0.4,0,0.1,0,319.66,0,0,0.9,0.4,0,0.1,0,294,268.33
0,0,1.15,0.8,1,1.23,5,214,0,1,0.9,0.4,0,0.1,0,469,1,1,0.9,0.4,0,0.1,0,557.79,1,1,0.9,0.4,0,0.1,0,547.25,1,1,0.9,0.4,0,0.1,0,547.25,0,0,0.9,0.4,0,0.1,0,488.5,0,0,0.9,0.4,0,0.1,0,429.75,0,0,0.9,0.4,0,0.1,0,371,0,0,0.9,0.4,0,0.1,0,345.33,0,0,0.9,0.4,0,0.1,0,319.66,0,0,0.9,0.4,0,0.1,0,294,0,0,0.9,0.1,0,0.1,0,268.33,242.66
0,1,0.9,0.4,0,0.1,0,469,1,1,0.9,0.4,0,0.1,0,557.79,1,1,0.9,0.4,0,0.1,0,547.25,0,0,0.9,0.4,0,0.1,0,488.5,0,0,0.9,0.4,0,0.1,0,488.5,0,0,0.9,0.4,0,0.1,0,429.75,0,0,0.9,0.4,0,0.1,0,371,0,0,0.9,0.4,0,0.1,0,345.33,0,0,0.9,0.4,0,0.1,0,319.66,0,0,0.9,0.4,0,0.1,0,294,0,0,0.9,0.1,0,0.1,0,268.33,0,0,0.9,0.1,0.5,0.85,0,242.66,217
1,1,0.9,0.4,0,0.1,0,557.79,1,1,0.9,0.4,0,0.1,0,547.25,0,0,0.9,0.4,0,0.1,0,488.5,0,0,0.9,0.4,0,0.1,0,429.75,0,0,0.9,0.4,0,0.1,0,429.75,0,0,0.9,0.4,0,0.1,0,371,0,0,0.9,0.4,0,0.1,0,345.33,0,0,0.9,0.4,0,0.1,0,319.66,0,0,0.9,0.4,0,0.1,0,294,0,0,0.9,0.1,0,0.1,0,268.33,0,0,0.9,0.1,0.5,0.85,0,242.66,0,0,0.9,0.1,0.5,0.85,0,217,210
1,1,0.9,0.4,0,0.1,0,547.25,0,0,0.9,0.4,0,0.1,0,488.5,0,0,0.9,0.4,0,0.1,0,429.75,0,0,0.9,0.4,0,0.1,0,371,0,0,0.9,0.4,0,0.1,0,371,0,0,0.9,0.4,0,0.1,0,345.33,0,0,0.9,0.4,0,0.1,0,319.66,0,0,0.9,0.4,0,0.1,0,294,0,0,0.9,0.1,0,0.1,0,268.33,0,0,0.9,0.1,0.5,0.85,0,242.66,0,0,0.9,0.1,0.5,0.85,0,217,0,0,0.7,0.5,0.3,0.2,0.7,210,200.61
0,0,0.9,0.4,0,0.1,0,488.5,0,0,0.9,0.4,0,0.1,0,429.75,0,0,0.9,0.4,0,0.1,0,371,0,0,0.9,0.4,0,0.1,0,345.33,0,0,0.9,0.4,0,0.1,0,345.33,0,0,0.9,0.4,0,0.1,0,319.66,0,0,0.9,0.4,0,0.1,0,294,0,0,0.9,0.1,0,0.1,0,268.33,0,0,0.9,0.1,0.5,0.85,0,242.66,0,0,0.9,0.1,0.5,0.85,0,217,0,0,0.7,0.5,0.3,0.2,0.7,210,0,0,0.7,0.5,0.3,0.2,0.7,200.61,191.23
0,0,0.9,0.4,0,0.1,0,429.75,0,0,0.9,0.4,0,0.1,0,371,0,0,0.9,0.4,0,0.1,0,345.33,0,0,0.9,0.4,0,0.1,0,319.66,0,0,0.9,0.4,0,0.1,0,319.66,0,0,0.9,0.4,0,0.1,0,294,0,0,0.9,0.1,0,0.1,0,268.33,0,0,0.9,0.1,0.5,0.85,0,242.66,0,0,0.9,0.1,0.5,0.85,0,217,0,0,0.7,0.5,0.3,0.2,0.7,210,0,0,0.7,0.5,0.3,0.2,0.7,200.61,0,0,0.7,0.5,0.3,0.2,0.7,191.23,181.84
0,0,0.9,0.4,0,0.1,0,371,0,0,0.9,0.4,0,0.1,0,345.33,0,0,0.9,0.4,0,0.1,0,319.66,0,0,0.9,0.4,0,0.1,0,294,0,0,0.9,0.4,0,0.1,0,294,0,0,0.9,0.1,0,0.1,0,268.33,0,0,0.9,0.1,0.5,0.85,0,242.66,0,0,0.9,0.1,0.5,0.85,0,217,0,0,0.7,0.5,0.3,0.2,0.7,210,0,0,0.7,0.5,0.3,0.2,0.7,200.61,0,0,0.7,0.5,0.3,0.2,0.7,191.23,0,0,0.63,0.8,0.3,0.2,0,181.84,172.46
0,0,0.9,0.4,0,0.1,0,345.33,0,0,0.9,0.4,0,0.1,0,319.66,0,0,0.9,0.4,0,0.1,0,294,0,0,0.9,0.1,0,0.1,0,268.33,0,0,0.9,0.1,0,0.1,0,268.33,0,0,0.9,0.1,0.5,0.85,0,242.66,0,0,0.9,0.1,0.5,0.85,0,217,0,0,0.7,0.5,0.3,0.2,0.7,210,0,0,0.7,0.5,0.3,0.2,0.7,200.61,0,0,0.7,0.5,0.3,0.2,0.7,191.23,0,0,0.63,0.8,0.3,0.2,0,181.84,4,6,0.63,4.1,0.3,0.4,0,172.46,163.07
0,0,0.9,0.4,0,0.1,0,319.66,0,0,0.9,0.4,0,0.1,0,294,0,0,0.9,0.1,0,0.1,0,268.33,0,0,0.9,0.1,0.5,0.85,0,242.66,0,0,0.9,0.1,0.5,0.85,0,242.66,0,0,0.9,0.1,0.5,0.85,0,217,0,0,0.7,0.5,0.3,0.2,0.7,210,0,0,0.7,0.5,0.3,0.2,0.7,200.61,0,0,0.7,0.5,0.3,0.2,0.7,191.23,0,0,0.63,0.8,0.3,0.2,0,181.84,4,6,0.63,4.1,0.3,0.4,0,172.46,4,6,0.63,4.1,0.3,0.4,0,163.07,153.69
0,0,0.9,0.4,0,0.1,0,294,0,0,0.9,0.1,0,0.1,0,268.33,0,0,0.9,0.1,0.5,0.85,0,242.66,0,0,0.9,0.1,0.5,0.85,0,217,0,0,0.9,0.1,0.5,0.85,0,217,0,0,0.7,0.5,0.3,0.2,0.7,210,0,0,0.7,0.5,0.3,0.2,0.7,200.61,0,0,0.7,0.5,0.3,0.2,0.7,191.23,0,0,0.63,0.8,0.3,0.2,0,181.84,4,6,0.63,4.1,0.3,0.4,0,172.46,4,6,0.63,4.1,0.3,0.4,0,163.07,8,0,0.63,0.2,0,4.2,0,153.69,152.42
0,0,0.9,0.1,0,0.1,0,268.33,0,0,0.9,0.1,0.5,0.85,0,242.66,0,0,0.9,0.1,0.5,0.85,0,217,0,0,0.7,0.5,0.3,0.2,0.7,210,0,0,0.7,0.5,0.3,0.2,0.7,210,0,0,0.7,0.5,0.3,0.2,0.7,200.61,0,0,0.7,0.5,0.3,0.2,0.7,191.23,0,0,0.63,0.8,0.3,0.2,0,181.84,4,6,0.63,4.1,0.3,0.4,0,172.46,4,6,0.63,4.1,0.3,0.4,0,163.07,8,0,0.63,0.2,0,4.2,0,153.69,13,4,1.2,7.5,9,11.1,11,152.42,159.28
0,0,0.9,0.1,0.5,0.85,0,242.66,0,0,0.9,0.1,0.5,0.85,0,217,0,0,0.7,0.5,0.3,0.2,0.7,210,0,0,0.7,0.5,0.3,0.2,0.7,200.61,0,0,0.7,0.5,0.3,0.2,0.7,200.61,0,0,0.7,0.5,0.3,0.2,0.7,191.23,0,0,0.63,0.8,0.3,0.2,0,181.84,4,6,0.63,4.1,0.3,0.4,0,172.46,4,6,0.63,4.1,0.3,0.4,0,163.07,8,0,0.63,0.2,0,4.2,0,153.69,13,4,1.2,7.5,9,11.1,11,152.42,13,4,1.2,7.5,9,11.1,11,159.28,166.14
0,0,0.9,0.1,0.5,0.85,0,217,0,0,0.7,0.5,0.3,0.2,0.7,210,0,0,0.7,0.5,0.3,0.2,0.7,200.61,0,0,0.7,0.5,0.3,0.2,0.7,191.23,0,0,0.7,0.5,0.3,0.2,0.7,191.23,0,0,0.63,0.8,0.3,0.2,0,181.84,4,6,0.63,4.1,0.3,0.4,0,172.46,4,6,0.63,4.1,0.3,0.4,0,163.07,8,0,0.63,0.2,0,4.2,0,153.69,13,4,1.2,7.5,9,11.1,11,152.42,13,4,1.2,7.5,9,11.1,11,159.28,1.3,0,4.4,0.9,1,0.9,1.5,166.14,173
0,0,0.7,0.5,0.3,0.2,0.7,210,0,0,0.7,0.5,0.3,0.2,0.7,200.61,0,0,0.7,0.5,0.3,0.2,0.7,191.23,0,0,0.63,0.8,0.3,0.2,0,181.84,0,0,0.63,0.8,0.3,0.2,0,181.84,4,6,0.63,4.1,0.3,0.4,0,172.46,4,6,0.63,4.1,0.3,0.4,0,163.07,8,0,0.63,0.2,0,4.2,0,153.69,13,4,1.2,7.5,9,11.1,11,152.42,13,4,1.2,7.5,9,11.1,11,159.28,1.3,0,4.4,0.9,1,0.9,1.5,166.14,1.3,2,1.05,0.9,1,3.5,1.5,173,198.1
0,0,0.7,0.5,0.3,0.2,0.7,200.61,0,0,0.7,0.5,0.3,0.2,0.7,191.23,0,0,0.63,0.8,0.3,0.2,0,181.84,4,6,0.63,4.1,0.3,0.4,0,172.46,4,6,0.63,4.1,0.3,0.4,0,172.46,4,6,0.63,4.1,0.3,0.4,0,163.07,8,0,0.63,0.2,0,4.2,0,153.69,13,4,1.2,7.5,9,11.1,11,152.42,13,4,1.2,7.5,9,11.1,11,159.28,1.3,0,4.4,0.9,1,0.9,1.5,166.14,1.3,2,1.05,0.9,1,3.5,1.5,173,1.3,2,1.05,0.9,1,3.5,1.5,198.1,223.21
0,0,0.7,0.5,0.3,0.2,0.7,191.23,0,0,0.63,0.8,0.3,0.2,0,181.84,4,6,0.63,4.1,0.3,0.4,0,172.46,4,6,0.63,4.1,0.3,0.4,0,163.07,4,6,0.63,4.1,0.3,0.4,0,163.07,8,0,0.63,0.2,0,4.2,0,153.69,13,4,1.2,7.5,9,11.1,11,152.42,13,4,1.2,7.5,9,11.1,11,159.28,1.3,0,4.4,0.9,1,0.9,1.5,166.14,1.3,2,1.05,0.9,1,3.5,1.5,173,1.3,2,1.05,0.9,1,3.5,1.5,198.1,0.3,0.3,0.1,0.5,0,0.63,0,223.21,248.31
0,0,0.63,0.8,0.3,0.2,0,181.84,4,6,0.63,4.1,0.3,0.4,0,172.46,4,6,0.63,4.1,0.3,0.4,0,163.07,8,0,0.63,0.2,0,4.2,0,153.69,8,0,0.63,0.2,0,4.2,0,153.69,13,4,1.2,7.5,9,11.1,11,152.42,13,4,1.2,7.5,9,11.1,11,159.28,1.3,0,4.4,0.9,1,0.9,1.5,166.14,1.3,2,1.05,0.9,1,3.5,1.5,173,1.3,2,1.05,0.9,1,3.5,1.5,198.1,0.3,0.3,0.1,0.5,0,0.63,0,223.21,0.3,0.3,0.1,0.5,0.5,0.63,0,248.31,273.42
4,6,0.63,4.1,0.3,0.4,0,172.46,4,6,0.63,4.1,0.3,0.4,0,163.07,8,0,0.63,0.2,0,4.2,0,153.69,13,4,1.2,7.5,9,11.1,11,152.42,13,4,1.2,7.5,9,11.1,11,152.42,13,4,1.2,7.5,9,11.1,11,159.28,1.3,0,4.4,0.9,1,0.9,1.5,166.14,1.3,2,1.05,0.9,1,3.5,1.5,173,1.3,2,1.05,0.9,1,3.5,1.5,198.1,0.3,0.3,0.1,0.5,0,0.63,0,223.21,0.3,0.3,0.1,0.5,0.5,0.63,0,248.31,0.3,0.3,0.1,0.5,0.5,0.63,0,273.42,286
4,6,0.63,4.1,0.3,0.4,0,163.07,8,0,0.63,0.2,0,4.2,0,153.69,13,4,1.2,7.5,9,11.1,11,152.42,13,4,1.2,7.5,9,11.1,11,159.28,13,4,1.2,7.5,9,11.1,11,159.28,1.3,0,4.4,0.9,1,0.9,1.5,166.14,1.3,2,1.05,0.9,1,3.5,1.5,173,1.3,2,1.05,0.9,1,3.5,1.5,198.1,0.3,0.3,0.1,0.5,0,0.63,0,223.21,0.3,0.3,0.1,0.5,0.5,0.63,0,248.31,0.3,0.3,0.1,0.5,0.5,0.63,0,273.42,0.3,0.3,0.33,0.37,0.3,0.63,0.3,286,277.5
8,0,0.63,0.2,0,4.2,0,153.69,13,4,1.2,7.5,9,11.1,11,152.42,13,4,1.2,7.5,9,11.1,11,159.28,1.3,0,4.4,0.9,1,0.9,1.5,166.14,1.3,0,4.4,0.9,1,0.9,1.5,166.14,1.3,2,1.05,0.9,1,3.5,1.5,173,1.3,2,1.05,0.9,1,3.5,1.5,198.1,0.3,0.3,0.1,0.5,0,0.63,0,223.21,0.3,0.3,0.1,0.5,0.5,0.63,0,248.31,0.3,0.3,0.1,0.5,0.5,0.63,0,273.42,0.3,0.3,0.33,0.37,0.3,0.63,0.3,286,0.3,0.3,0.33,0.37,0.3,0.63,0.3,277.5,269
13,4,1.2,7.5,9,11.1,11,152.42,13,4,1.2,7.5,9,11.1,11,159.28,1.3,0,4.4,0.9,1,0.9,1.5,166.14,1.3,2,1.05,0.9,1,3.5,1.5,173,1.3,2,1.05,0.9,1,3.5,1.5,173,1.3,2,1.05,0.9,1,3.5,1.5,198.1,0.3,0.3,0.1,0.5,0,0.63,0,223.21,0.3,0.3,0.1,0.5,0.5,0.63,0,248.31,0.3,0.3,0.1,0.5,0.5,0.63,0,273.42,0.3,0.3,0.33,0.37,0.3,0.63,0.3,286,0.3,0.3,0.33,0.37,0.3,0.63,0.3,277.5,0.3,0.3,0.33,0.37,0.3,0.63,0.3,269,260.5
13,4,1.2,7.5,9,11.1,11,159.28,1.3,0,4.4,0.9,1,0.9,1.5,166.14,1.3,2,1.05,0.9,1,3.5,1.5,173,1.3,2,1.05,0.9,1,3.5,1.5,198.1,1.3,2,1.05,0.9,1,3.5,1.5,198.1,0.3,0.3,0.1,0.5,0,0.63,0,223.21,0.3,0.3,0.1,0.5,0.5,0.63,0,248.31,0.3,0.3,0.1,0.5,0.5,0.63,0,273.42,0.3,0.3,0.33,0.37,0.3,0.63,0.3,286,0.3,0.3,0.33,0.37,0.3,0.63,0.3,277.5,0.3,0.3,0.33,0.37,0.3,0.63,0.3,269,0,0,0.3,0.15,0,0.63,0.3,260.5,252
1.3,0,4.4,0.9,1,0.9,1.5,166.14,1.3,2,1.05,0.9,1,3.5,1.5,173,1.3,2,1.05,0.9,1,3.5,1.5,198.1,0.3,0.3,0.1,0.5,0,0.63,0,223.21,0.3,0.3,0.1,0.5,0,0.63,0,223.21,0.3,0.3,0.1,0.5,0.5,0.63,0,248.31,0.3,0.3,0.1,0.5,0.5,0.63,0,273.42,0.3,0.3,0.33,0.37,0.3,0.63,0.3,286,0.3,0.3,0.33,0.37,0.3,0.63,0.3,277.5,0.3,0.3,0.33,0.37,0.3,0.63,0.3,269,0,0,0.3,0.15,0,0.63,0.3,260.5,0,0,0.3,0.15,0.5,0.85,0.3,252,239.33
1.3,2,1.05,0.9,1,3.5,1.5,173,1.3,2,1.05,0.9,1,3.5,1.5,198.1,0.3,0.3,0.1,0.5,0,0.63,0,223.21,0.3,0.3,0.1,0.5,0.5,0.63,0,248.31,0.3,0.3,0.1,0.5,0.5,0.63,0,248.31,0.3,0.3,0.1,0.5,0.5,0.63,0,273.42,0.3,0.3,0.33,0.37,0.3,0.63,0.3,286,0.3,0.3,0.33,0.37,0.3,0.63,0.3,277.5,0.3,0.3,0.33,0.37,0.3,0.63,0.3,269,0,0,0.3,0.15,0,0.63,0.3,260.5,0,0,0.3,0.15,0.5,0.85,0.3,252,0,0,0.3,0.15,0.5,0.85,0.3,239.33,226.66
1.3,2,1.05,0.9,1,3.5,1.5,198.1,0.3,0.3,0.1,0.5,0,0.63,0,223.21,0.3,0.3,0.1,0.5,0.5,0.63,0,248.31,0.3,0.3,0.1,0.5,0.5,0.63,0,273.42,0.3,0.3,0.1,0.5,0.5,0.63,0,273.42,0.3,0.3,0.33,0.37,0.3,0.63,0.3,286,0.3,0.3,0.33,0.37,0.3,0.63,0.3,277.5,0.3,0.3,0.33,0.37,0.3,0.63,0.3,269,0,0,0.3,0.15,0,0.63,0.3,260.5,0,0,0.3,0.15,0.5,0.85,0.3,252,0,0,0.3,0.15,0.5,0.85,0.3,239.33,0,0,0.3,0.1,0,0.85,0,226.66,214
0.3,0.3,0.1,0.5,0,0.63,0,223.21,0.3,0.3,0.1,0.5,0.5,0.63,0,248.31,0.3,0.3,0.1,0.5,0.5,0.63,0,273.42,0.3,0.3,0.33,0.37,0.3,0.63,0.3,286,0.3,0.3,0.33,0.37,0.3,0.63,0.3,286,0.3,0.3,0.33,0.37,0.3,0.63,0.3,277.5,0.3,0.3,0.33,0.37,0.3,0.63,0.3,269,0,0,0.3,0.15,0,0.63,0.3,260.5,0,0,0.3,0.15,0.5,0.85,0.3,252,0,0,0.3,0.15,0.5,0.85,0.3,239.33,0,0,0.3,0.1,0,0.85,0,226.66,0,0,0.3,0.1,0,0.85,0,214,214
0.3,0.3,0.1,0.5,0.5,0.63,0,248.31,0.3,0.3,0.1,0.5,0.5,0.63,0,273.42,0.3,0.3,0.33,0.37,0.3,0.63,0.3,286,0.3,0.3,0.33,0.37,0.3,0.63,0.3,277.5,0.3,0.3,0.33,0.37,0.3,0.63,0.3,277.5,0.3,0.3,0.33,0.37,0.3,0.63,0.3,269,0,0,0.3,0.15,0,0.63,0.3,260.5,0,0,0.3,0.15,0.5,0.85,0.3,252,0,0,0.3,0.15,0.5,0.85,0.3,239.33,0,0,0.3,0.1,0,0.85,0,226.66,0,0,0.3,0.1,0,0.85,0,214,0,0,0.3,0.1,0,0.85,0,214,206.25
0.3,0.3,0.1,0.5,0.5,0.63,0,273.42,0.3,0.3,0.33,0.37,0.3,0.63,0.3,286,0.3,0.3,0.33,0.37,0.3,0.63,0.3,277.5,0.3,0.3,0.33,0.37,0.3,0.63,0.3,269,0.3,0.3,0.33,0.37,0.3,0.63,0.3,269,0,0,0.3,0.15,0,0.63,0.3,260.5,0,0,0.3,0.15,0.5,0.85,0.3,252,0,0,0.3,0.15,0.5,0.85,0.3,239.33,0,0,0.3,0.1,0,0.85,0,226.66,0,0,0.3,0.1,0,0.85,0,214,0,0,0.3,0.1,0,0.85,0,214,0,0,0.3,0.1,0,0.85,0,206.25,198.5
0.3,0.3,0.33,0.37,0.3,0.63,0.3,286,0.3,0.3,0.33,0.37,0.3,0.63,0.3,277.5,0.3,0.3,0.33,0.37,0.3,0.63,0.3,269,0,0,0.3,0.15,0,0.63,0.3,260.5,0,0,0.3,0.15,0,0.63,0.3,260.5,0,0,0.3,0.15,0.5,0.85,0.3,252,0,0,0.3,0.15,0.5,0.85,0.3,239.33,0,0,0.3,0.1,0,0.85,0,226.66,0,0,0.3,0.1,0,0.85,0,214,0,0,0.3,0.1,0,0.85,0,214,0,0,0.3,0.1,0,0.85,0,206.25,0,0,0.3,0.1,0,0.85,0,198.5,190.75
0.3,0.3,0.33,0.37,0.3,0.63,0.3,277.5,0.3,0.3,0.33,0.37,0.3,0.63,0.3,269,0,0,0.3,0.15,0,0.63,0.3,260.5,0,0,0.3,0.15,0.5,0.85,0.3,252,0,0,0.3,0.15,0.5,0.85,0.3,252,0,0,0.3,0.15,0.5,0.85,0.3,239.33,0,0,0.3,0.1,0,0.85,0,226.66,0,0,0.3,0.1,0,0.85,0,214,0,0,0.3,0.1,0,0.85,0,214,0,0,0.3,0.1,0,0.85,0,206.25,0,0,0.3,0.1,0,0.85,0,198.5,0,0,0.3,0.1,0,0.85,0,190.75,183
0.3,0.3,0.33,0.37,0.3,0.63,0.3,269,0,0,0.3,0.15,0,0.63,0.3,260.5,0,0,0.3,0.15,0.5,0.85,0.3,252,0,0,0.3,0.15,0.5,0.85,0.3,239.33,0,0,0.3,0.15,0.5,0.85,0.3,239.33,0,0,0.3,0.1,0,0.85,0,226.66,0,0,0.3,0.1,0,0.85,0,214,0,0,0.3,0.1,0,0.85,0,214,0,0,0.3,0.1,0,0.85,0,206.25,0,0,0.3,0.1,0,0.85,0,198.5,0,0,0.3,0.1,0,0.85,0,190.75,0,0,0.3,0.1,0,0.85,0,183,175.25
0,0,0.3,0.15,0,0.63,0.3,260.5,0,0,0.3,0.15,0.5,0.85,0.3,252,0,0,0.3,0.15,0.5,0.85,0.3,239.33,0,0,0.3,0.1,0,0.85,0,226.66,0,0,0.3,0.1,0,0.85,0,226.66,0,0,0.3,0.1,0,0.85,0,214,0,0,0.3,0.1,0,0.85,0,214,0,0,0.3,0.1,0,0.85,0,206.25,0,0,0.3,0.1,0,0.85,0,198.5,0,0,0.3,0.1,0,0.85,0,190.75,0,0,0.3,0.1,0,0.85,0,183,0,0,0.3,0.1,0,0.85,0,175.25,167.5
0,0,0.3,0.15,0.5,0.85,0.3,252,0,0,0.3,0.15,0.5,0.85,0.3,239.33,0,0,0.3,0.1,0,0.85,0,226.66,0,0,0.3,0.1,0,0.85,0,214,0,0,0.3,0.1,0,0.85,0,214,0,0,0.3,0.1,0,0.85,0,214,0,0,0.3,0.1,0,0.85,0,206.25,0,0,0.3,0.1,0,0.85,0,198.5,0,0,0.3,0.1,0,0.85,0,190.75,0,0,0.3,0.1,0,0.85,0,183,0,0,0.3,0.1,0,0.85,0,175.25,0,0,0.3,0.1,0,0.85,0,167.5,159.75
0,0,0.3,0.15,0.5,0.85,0.3,239.33,0,0,0.3,0.1,0,0.85,0,226.66,0,0,0.3,0.1,0,0.85,0,214,0,0,0.3,0.1,0,0.85,0,214,0,0,0.3,0.1,0,0.85,0,214,0,0,0.3,0.1,0,0.85,0,206.25,0,0,0.3,0.1,0,0.85,0,198.5,0,0,0.3,0.1,0,0.85,0,190.75,0,0,0.3,0.1,0,0.85,0,183,0,0,0.3,0.1,0,0.85,0,175.25,0,0,0.3,0.1,0,0.85,0,167.5,0,0,0.3,0.1,0.3,0.85,0,159.75,152
0,0,0.3,0.1,0,0.85,0,226.66,0,0,0.3,0.1,0,0.85,0,214,0,0,0.3,0.1,0,0.85,0,214,0,0,0.3,0.1,0,0.85,0,206.25,0,0,0.3,0.1,0,0.85,0,206.25,0,0,0.3,0.1,0,0.85,0,198.5,0,0,0.3,0.1,0,0.85,0,190.75,0,0,0.3,0.1,0,0.85,0,183,0,0,0.3,0.1,0,0.85,0,175.25,0,0,0.3,0.1,0,0.85,0,167.5,0,0,0.3,0.1,0.3,0.85,0,159.75,0,0,0.3,0.1,0.3,0.75,0,152,147.93
0,0,0.3,0.1,0,0.85,0,214,0,0,0.3,0.1,0,0.85,0,214,0,0,0.3,0.1,0,0.85,0,206.25,0,0,0.3,0.1,0,0.85,0,198.5,0,0,0.3,0.1,0,0.85,0,198.5,0,0,0.3,0.1,0,0.85,0,190.75,0,0,0.3,0.1,0,0.85,0,183,0,0,0.3,0.1,0,0.85,0,175.25,0,0,0.3,0.1,0,0.85,0,167.5,0,0,0.3,0.1,0.3,0.85,0,159.75,0,0,0.3,0.1,0.3,0.75,0,152,0,0,0.3,0.1,0.3,0.75,0,147.93,143.86
0,0,0.3,0.1,0,0.85,0,214,0,0,0.3,0.1,0,0.85,0,206.25,0,0,0.3,0.1,0,0.85,0,198.5,0,0,0.3,0.1,0,0.85,0,190.75,0,0,0.3,0.1,0,0.85,0,190.75,0,0,0.3,0.1,0,0.85,0,183,0,0,0.3,0.1,0,0.85,0,175.25,0,0,0.3,0.1,0,0.85,0,167.5,0,0,0.3,0.1,0.3,0.85,0,159.75,0,0,0.3,0.1,0.3,0.75,0,152,0,0,0.3,0.1,0.3,0.75,0,147.93,0,0,0.3,0.17,0,0.5,0,143.86,139.79
0,0,0.3,0.1,0,0.85,0,206.25,0,0,0.3,0.1,0,0.85,0,198.5,0,0,0.3,0.1,0,0.85,0,190.75,0,0,0.3,0.1,0,0.85,0,183,0,0,0.3,0.1,0,0.85,0,183,0,0,0.3,0.1,0,0.85,0,175.25,0,0,0.3,0.1,0,0.85,0,167.5,0,0,0.3,0.1,0.3,0.85,0,159.75,0,0,0.3,0.1,0.3,0.75,0,152,0,0,0.3,0.1,0.3,0.75,0,147.93,0,0,0.3,0.17,0,0.5,0,143.86,0,0,0.3,0.17,0,0.5,0,139.79,135.72
0,0,0.3,0.1,0,0.85,0,198.5,0,0,0.3,0.1,0,0.85,0,190.75,0,0,0.3,0.1,0,0.85,0,183,0,0,0.3,0.1,0,0.85,0,175.25,0,0,0.3,0.1,0,0.85,0,175.25,0,0,0.3,0.1,0,0.85,0,167.5,0,0,0.3,0.1,0.3,0.85,0,159.75,0,0,0.3,0.1,0.3,0.75,0,152,0,0,0.3,0.1,0.3,0.75,0,147.93,0,0,0.3,0.17,0,0.5,0,143.86,0,0,0.3,0.17,0,0.5,0,139.79,0,0,0.3,0.17,0,0.5,0,135.72,131.65
0,0,0.3,0.1,0,0.85,0,190.75,0,0,0.3,0.1,0,0.85,0,183,0,0,0.3,0.1,0,0.85,0,175.25,0,0,0.3,0.1,0,0.85,0,167.5,0,0,0.3,0.1,0,0.85,0,167.5,0,0,0.3,0.1,0.3,0.85,0,159.75,0,0,0.3,0.1,0.3,0.75,0,152,0,0,0.3,0.1,0.3,0.75,0,147.93,0,0,0.3,0.17,0,0.5,0,143.86,0,0,0.3,0.17,0,0.5,0,139.79,0,0,0.3,0.17,0,0.5,0,135.72,0,0,0.1,0.1,0,0.5,0,131.65,127.58
0,0,0.3,0.1,0,0.85,0,183,0,0,0.3,0.1,0,0.85,0,175.25,0,0,0.3,0.1,0,0.85,0,167.5,0,0,0.3,0.1,0.3,0.85,0,159.75,0,0,0.3,0.1,0.3,0.85,0,159.75,0,0,0.3,0.1,0.3,0.75,0,152,0,0,0.3,0.1,0.3,0.75,0,147.93,0,0,0.3,0.17,0,0.5,0,143.86,0,0,0.3,0.17,0,0.5,0,139.79,0,0,0.3,0.17,0,0.5,0,135.72,0,0,0.1,0.1,0,0.5,0,131.65,0,0,0.1,0.1,0,0.5,0,127.58,123.51
0,0,0.3,0.1,0,0.85,0,175.25,0,0,0.3,0.1,0,0.85,0,167.5,0,0,0.3,0.1,0.3,0.85,0,159.75,0,0,0.3,0.1,0.3,0.75,0,152,0,0,0.3,0.1,0.3,0.75,0,152,0,0,0.3,0.1,0.3,0.75,0,147.93,0,0,0.3,0.17,0,0.5,0,143.86,0,0,0.3,0.17,0,0.5,0,139.79,0,0,0.3,0.17,0,0.5,0,135.72,0,0,0.1,0.1,0,0.5,0,131.65,0,0,0.1,0.1,0,0.5,0,127.58,0,0,0.1,0.1,0,0.5,0,123.51,119.44
0,0,0.3,0.1,0,0.85,0,167.5,0,0,0.3,0.1,0.3,0.85,0,159.75,0,0,0.3,0.1,0.3,0.75,0,152,0,0,0.3,0.1,0.3,0.75,0,147.93,0,0,0.3,0.1,0.3,0.75,0,147.93,0,0,0.3,0.17,0,0.5,0,143.86,0,0,0.3,0.17,0,0.5,0,139.79,0,0,0.3,0.17,0,0.5,0,135.72,0,0,0.1,0.1,0,0.5,0,131.65,0,0,0.1,0.1,0,0.5,0,127.58,0,0,0.1,0.1,0,0.5,0,123.51,0,0,0.1,0.1,0,0.1,0.3,119.44,115.37
0,0,0.3,0.1,0.3,0.85,0,159.75,0,0,0.3,0.1,0.3,0.75,0,152,0,0,0.3,0.1,0.3,0.75,0,147.93,0,0,0.3,0.17,0,0.5,0,143.86,0,0,0.3,0.17,0,0.5,0,143.86,0,0,0.3,0.17,0,0.5,0,139.79,0,0,0.3,0.17,0,0.5,0,135.72,0,0,0.1,0.1,0,0.5,0,131.65,0,0,0.1,0.1,0,0.5,0,127.58,0,0,0.1,0.1,0,0.5,0,123.51,0,0,0.1,0.1,0,0.1,0.3,119.44,0,0,0.1,0.1,0,0.1,0.3,115.37,111.3
0,0,0.3,0.1,0.3,0.75,0,152,0,0,0.3,0.1,0.3,0.75,0,147.93,0,0,0.3,0.17,0,0.5,0,143.86,0,0,0.3,0.17,0,0.5,0,139.79,0,0,0.3,0.17,0,0.5,0,139.79,0,0,0.3,0.17,0,0.5,0,135.72,0,0,0.1,0.1,0,0.5,0,131.65,0,0,0.1,0.1,0,0.5,0,127.58,0,0,0.1,0.1,0,0.5,0,123.51,0,0,0.1,0.1,0,0.1,0.3,119.44,0,0,0.1,0.1,0,0.1,0.3,115.37,0,0,0.1,0.1,0,0.1,0.3,111.3,107.23
0,0,0.3,0.1,0.3,0.75,0,147.93,0,0,0.3,0.17,0,0.5,0,143.86,0,0,0.3,0.17,0,0.5,0,139.79,0,0,0.3,0.17,0,0.5,0,135.72,0,0,0.3,0.17,0,0.5,0,135.72,0,0,0.1,0.1,0,0.5,0,131.65,0,0,0.1,0.1,0,0.5,0,127.58,0,0,0.1,0.1,0,0.5,0,123.51,0,0,0.1,0.1,0,0.1,0.3,119.44,0,0,0.1,0.1,0,0.1,0.3,115.37,0,0,0.1,0.1,0,0.1,0.3,111.3,0,0,0.1,0.1,0,0.1,0,107.23,103.16
0,0,0.3,0.17,0,0.5,0,143.86,0,0,0.3,0.17,0,0.5,0,139.79,0,0,0.3,0.17,0,0.5,0,135.72,0,0,0.1,0.1,0,0.5,0,131.65,0,0,0.1,0.1,0,0.5,0,131.65,0,0,0.1,0.1,0,0.5,0,127.58,0,0,0.1,0.1,0,0.5,0,123.51,0,0,0.1,0.1,0,0.1,0.3,119.44,0,0,0.1,0.1,0,0.1,0.3,115.37,0,0,0.1,0.1,0,0.1,0.3,111.3,0,0,0.1,0.1,0,0.1,0,107.23,0,0,0.1,0.1,0,0.1,0,103.16,99.1
0,0,0.3,0.17,0,0.5,0,139.79,0,0,0.3,0.17,0,0.5,0,135.72,0,0,0.1,0.1,0,0.5,0,131.65,0,0,0.1,0.1,0,0.5,0,127.58,0,0,0.1,0.1,0,0.5,0,127.58,0,0,0.1,0.1,0,0.5,0,123.51,0,0,0.1,0.1,0,0.1,0.3,119.44,0,0,0.1,0.1,0,0.1,0.3,115.37,0,0,0.1,0.1,0,0.1,0.3,111.3,0,0,0.1,0.1,0,0.1,0,107.23,0,0,0.1,0.1,0,0.1,0,103.16,0,0,0.1,0.1,0,0.1,0,99.1,89.79
0,0,0.3,0.17,0,0.5,0,135.72,0,0,0.1,0.1,0,0.5,0,131.65,0,0,0.1,0.1,0,0.5,0,127.58,0,0,0.1,0.1,0,0.5,0,123.51,0,0,0.1,0.1,0,0.5,0,123.51,0,0,0.1,0.1,0,0.1,0.3,119.44,0,0,0.1,0.1,0,0.1,0.3,115.37,0,0,0.1,0.1,0,0.1,0.3,111.3,0,0,0.1,0.1,0,0.1,0,107.23,0,0,0.1,0.1,0,0.1,0,103.16,0,0,0.1,0.1,0,0.1,0,99.1,0,0,0.1,0.1,0,0.1,0,89.79,91.7
0,0,0.1,0.1,0,0.5,0,131.65,0,0,0.1,0.1,0,0.5,0,127.58,0,0,0.1,0.1,0,0.5,0,123.51,0,0,0.1,0.1,0,0.1,0.3,119.44,0,0,0.1,0.1,0,0.1,0.3,119.44,0,0,0.1,0.1,0,0.1,0.3,115.37,0,0,0.1,0.1,0,0.1,0.3,111.3,0,0,0.1,0.1,0,0.1,0,107.23,0,0,0.1,0.1,0,0.1,0,103.16,0,0,0.1,0.1,0,0.1,0,99.1,0,0,0.1,0.1,0,0.1,0,89.79,0,0,0.1,0.1,0,0.1,0,91.7,91.7
0,0,0.1,0.1,0,0.5,0,127.58,0,0,0.1,0.1,0,0.5,0,123.51,0,0,0.1,0.1,0,0.1,0.3,119.44,0,0,0.1,0.1,0,0.1,0.3,115.37,0,0,0.1,0.1,0,0.1,0.3,115.37,0,0,0.1,0.1,0,0.1,0.3,111.3,0,0,0.1,0.1,0,0.1,0,107.23,0,0,0.1,0.1,0,0.1,0,103.16,0,0,0.1,0.1,0,0.1,0,99.1,0,0,0.1,0.1,0,0.1,0,89.79,0,0,0.1,0.1,0,0.1,0,91.7,0,0,0.1,0.1,0,0.1,0,91.7,90.12
0,0,0.1,0.1,0,0.5,0,123.51,0,0,0.1,0.1,0,0.1,0.3,119.44,0,0,0.1,0.1,0,0.1,0.3,115.37,0,0,0.1,0.1,0,0.1,0.3,111.3,0,0,0.1,0.1,0,0.1,0.3,111.3,0,0,0.1,0.1,0,0.1,0,107.23,0,0,0.1,0.1,0,0.1,0,103.16,0,0,0.1,0.1,0,0.1,0,99.1,0,0,0.1,0.1,0,0.1,0,89.79,0,0,0.1,0.1,0,0.1,0,91.7,0,0,0.1,0.1,0,0.1,0,91.7,0,0,0.1,0.1,0,0.1,0,90.12,88.54
0,0,0.1,0.1,0,0.1,0.3,119.44,0,0,0.1,0.1,0,0.1,0.3,115.37,0,0,0.1,0.1,0,0.1,0.3,111.3,0,0,0.1,0.1,0,0.1,0,107.23,0,0,0.1,0.1,0,0.1,0,107.23,0,0,0.1,0.1,0,0.1,0,103.16,0,0,0.1,0.1,0,0.1,0,99.1,0,0,0.1,0.1,0,0.1,0,89.79,0,0,0.1,0.1,0,0.1,0,91.7,0,0,0.1,0.1,0,0.1,0,91.7,0,0,0.1,0.1,0,0.1,0,90.12,0,0,0.1,0.1,0,0.1,0,88.54,86.96
0,0,0.1,0.1,0,0.1,0.3,115.37,0,0,0.1,0.1,0,0.1,0.3,111.3,0,0,0.1,0.1,0,0.1,0,107.23,0,0,0.1,0.1,0,0.1,0,103.16,0,0,0.1,0.1,0,0.1,0,103.16,0,0,0.1,0.1,0,0.1,0,99.1,0,0,0.1,0.1,0,0.1,0,89.79,0,0,0.1,0.1,0,0.1,0,91.7,0,0,0.1,0.1,0,0.1,0,91.7,0,0,0.1,0.1,0,0.1,0,90.12,0,0,0.1,0.1,0,0.1,0,88.54,0,0,0.1,0.1,0,0.1,0,86.96,85.38
0,0,0.1,0.1,0,0.1,0.3,111.3,0,0,0.1,0.1,0,0.1,0,107.23,0,0,0.1,0.1,0,0.1,0,103.16,0,0,0.1,0.1,0,0.1,0,99.1,0,0,0.1,0.1,0,0.1,0,99.1,0,0,0.1,0.1,0,0.1,0,89.79,0,0,0.1,0.1,0,0.1,0,91.7,0,0,0.1,0.1,0,0.1,0,91.7,0,0,0.1,0.1,0,0.1,0,90.12,0,0,0.1,0.1,0,0.1,0,88.54,0,0,0.1,0.1,0,0.1,0,86.96,0,0,0.1,0.1,0,0.1,0,85.38,83.8
0,0,0.1,0.1,0,0.1,0,107.23,0,0,0.1,0.1,0,0.1,0,103.16,0,0,0.1,0.1,0,0.1,0,99.1,0,0,0.1,0.1,0,0.1,0,89.79,0,0,0.1,0.1,0,0.1,0,89.79,0,0,0.1,0.1,0,0.1,0,91.7,0,0,0.1,0.1,0,0.1,0,91.7,0,0,0.1,0.1,0,0.1,0,90.12,0,0,0.1,0.1,0,0.1,0,88.54,0,0,0.1,0.1,0,0.1,0,86.96,0,0,0.1,0.1,0,0.1,0,85.38,0,0,0.1,0.1,0,0.1,0,83.8,82.22
0,0,0.1,0.1,0,0.1,0,103.16,0,0,0.1,0.1,0,0.1,0,99.1,0,0,0.1,0.1,0,0.1,0,89.79,0,0,0.1,0.1,0,0.1,0,91.7,0,0,0.1,0.1,0,0.1,0,91.7,0,0,0.1,0.1,0,0.1,0,91.7,0,0,0.1,0.1,0,0.1,0,90.12,0,0,0.1,0.1,0,0.1,0,88.54,0,0,0.1,0.1,0,0.1,0,86.96,0,0,0.1,0.1,0,0.1,0,85.38,0,0,0.1,0.1,0,0.1,0,83.8,0,0,0.1,0.1,0,0.1,0,82.22,80.64
0,0,0.1,0.1,0,0.1,0,99.1,0,0,0.1,0.1,0,0.1,0,89.79,0,0,0.1,0.1,0,0.1,0,91.7,0,0,0.1,0.1,0,0.1,0,91.7,0,0,0.1,0.1,0,0.1,0,91.7,0,0,0.1,0.1,0,0.1,0,90.12,0,0,0.1,0.1,0,0.1,0,88.54,0,0,0.1,0.1,0,0.1,0,86.96,0,0,0.1,0.1,0,0.1,0,85.38,0,0,0.1,0.1,0,0.1,0,83.8,0,0,0.1,0.1,0,0.1,0,82.22,0,0,0.1,0.1,0,0.1,0,80.64,79.06
0,0,0.1,0.1,0,0.1,0,89.79,0,0,0.1,0.1,0,0.1,0,91.7,0,0,0.1,0.1,0,0.1,0,91.7,0,0,0.1,0.1,0,0.1,0,90.12,0,0,0.1,0.1,0,0.1,0,90.12,0,0,0.1,0.1,0,0.1,0,88.54,0,0,0.1,0.1,0,0.1,0,86.96,0,0,0.1,0.1,0,0.1,0,85.38,0,0,0.1,0.1,0,0.1,0,83.8,0,0,0.1,0.1,0,0.1,0,82.22,0,0,0.1,0.1,0,0.1,0,80.64,0,0,0.1,0.7,0,0.1,0,79.06,77.48
0,0,0.1,0.1,0,0.1,0,91.7,0,0,0.1,0.1,0,0.1,0,91.7,0,0,0.1,0.1,0,0.1,0,90.12,0,0,0.1,0.1,0,0.1,0,88.54,0,0,0.1,0.1,0,0.1,0,88.54,0,0,0.1,0.1,0,0.1,0,86.96,0,0,0.1,0.1,0,0.1,0,85.38,0,0,0.1,0.1,0,0.1,0,83.8,0,0,0.1,0.1,0,0.1,0,82.22,0,0,0.1,0.1,0,0.1,0,80.64,0,0,0.1,0.7,0,0.1,0,79.06,0,0,0.1,0.7,0,0.1,0,77.48,75.9
0,0,0.1,0.1,0,0.1,0,91.7,0,0,0.1,0.1,0,0.1,0,90.12,0,0,0.1,0.1,0,0.1,0,88.54,0,0,0.1,0.1,0,0.1,0,86.96,0,0,0.1,0.1,0,0.1,0,86.96,0,0,0.1,0.1,0,0.1,0,85.38,0,0,0.1,0.1,0,0.1,0,83.8,0,0,0.1,0.1,0,0.1,0,82.22,0,0,0.1,0.1,0,0.1,0,80.64,0,0,0.1,0.7,0,0.1,0,79.06,0,0,0.1,0.7,0,0.1,0,77.48,0,1,0.1,0.7,0,0.1,0,75.9,74.32
0,0,0.1,0.1,0,0.1,0,90.12,0,0,0.1,0.1,0,0.1,0,88.54,0,0,0.1,0.1,0,0.1,0,86.96,0,0,0.1,0.1,0,0.1,0,85.38,0,0,0.1,0.1,0,0.1,0,85.38,0,0,0.1,0.1,0,0.1,0,83.8,0,0,0.1,0.1,0,0.1,0,82.22,0,0,0.1,0.1,0,0.1,0,80.64,0,0,0.1,0.7,0,0.1,0,79.06,0,0,0.1,0.7,0,0.1,0,77.48,0,1,0.1,0.7,0,0.1,0,75.9,0,1,0.1,0.7,0,0.1,0,74.32,72.74
0,0,0.1,0.1,0,0.1,0,88.54,0,0,0.1,0.1,0,0.1,0,86.96,0,0,0.1,0.1,0,0.1,0,85.38,0,0,0.1,0.1,0,0.1,0,83.8,0,0,0.1,0.1,0,0.1,0,83.8,0,0,0.1,0.1,0,0.1,0,82.22,0,0,0.1,0.1,0,0.1,0,80.64,0,0,0.1,0.7,0,0.1,0,79.06,0,0,0.1,0.7,0,0.1,0,77.48,0,1,0.1,0.7,0,0.1,0,75.9,0,1,0.1,0.7,0,0.1,0,74.32,0,1,0.1,0.7,0,0.1,0,72.74,71.16
0,0,0.1,0.1,0,0.1,0,86.96,0,0,0.1,0.1,0,0.1,0,85.38,0,0,0.1,0.1,0,0.1,0,83.8,0,0,0.1,0.1,0,0.1,0,82.22,0,0,0.1,0.1,0,0.1,0,82.22,0,0,0.1,0.1,0,0.1,0,80.64,0,0,0.1,0.7,0,0.1,0,79.06,0,0,0.1,0.7,0,0.1,0,77.48,0,1,0.1,0.7,0,0.1,0,75.9,0,1,0.1,0.7,0,0.1,0,74.32,0,1,0.1,0.7,0,0.1,0,72.74,0,1,0.1,0.7,0,0.1,0,71.16,69.58
0,0,0.1,0.1,0,0.1,0,85.38,0,0,0.1,0.1,0,0.1,0,83.8,0,0,0.1,0.1,0,0.1,0,82.22,0,0,0.1,0.1,0,0.1,0,80.64,0,0,0.1,0.1,0,0.1,0,80.64,0,0,0.1,0.7,0,0.1,0,79.06,0,0,0.1,0.7,0,0.1,0,77.48,0,1,0.1,0.7,0,0.1,0,75.9,0,1,0.1,0.7,0,0.1,0,74.32,0,1,0.1,0.7,0,0.1,0,72.74,0,1,0.1,0.7,0,0.1,0,71.16,0,1,0.1,0.7,0,0.1,0,69.58,68
0,0,0.1,0.1,0,0.1,0,83.8,0,0,0.1,0.1,0,0.1,0,82.22,0,0,0.1,0.1,0,0.1,0,80.64,0,0,0.1,0.7,0,0.1,0,79.06,0,0,0.1,0.7,0,0.1,0,79.06,0,0,0.1,0.7,0,0.1,0,77.48,0,1,0.1,0.7,0,0.1,0,75.9,0,1,0.1,0.7,0,0.1,0,74.32,0,1,0.1,0.7,0,0.1,0,72.74,0,1,0.1,0.7,0,0.1,0,71.16,0,1,0.1,0.7,0,0.1,0,69.58,0,1,0.1,0.7,0,0.1,0,68,70
0,0,0.1,0.1,0,0.1,0,82.22,0,0,0.1,0.1,0,0.1,0,80.64,0,0,0.1,0.7,0,0.1,0,79.06,0,0,0.1,0.7,0,0.1,0,77.48,0,0,0.1,0.7,0,0.1,0,77.48,0,1,0.1,0.7,0,0.1,0,75.9,0,1,0.1,0.7,0,0.1,0,74.32,0,1,0.1,0.7,0,0.1,0,72.74,0,1,0.1,0.7,0,0.1,0,71.16,0,1,0.1,0.7,0,0.1,0,69.58,0,1,0.1,0.7,0,0.1,0,68,0,1,0.1,0.7,0,0.1,0,70,37.3
0,0,0.1,0.1,0,0.1,0,80.64,0,0,0.1,0.7,0,0.1,0,79.06,0,0,0.1,0.7,0,0.1,0,77.48,0,1,0.1,0.7,0,0.1,0,75.9,0,1,0.1,0.7,0,0.1,0,75.9,0,1,0.1,0.7,0,0.1,0,74.32,0,1,0.1,0.7,0,0.1,0,72.74,0,1,0.1,0.7,0,0.1,0,71.16,0,1,0.1,0.7,0,0.1,0,69.58,0,1,0.1,0.7,0,0.1,0,68,0,1,0.1,0.7,0,0.1,0,70,0,0,0.47,0.5,0.5,0.5,1,37.3,35.06
0,0,0.1,0.7,0,0.1,0,79.06,0,0,0.1,0.7,0,0.1,0,77.48,0,1,0.1,0.7,0,0.1,0,75.9,0,1,0.1,0.7,0,0.1,0,74.32,0,1,0.1,0.7,0,0.1,0,74.32,0,1,0.1,0.7,0,0.1,0,72.74,0,1,0.1,0.7,0,0.1,0,71.16,0,1,0.1,0.7,0,0.1,0,69.58,0,1,0.1,0.7,0,0.1,0,68,0,1,0.1,0.7,0,0.1,0,70,0,0,0.47,0.5,0.5,0.5,1,37.3,1,1,0.47,0.5,0.5,0.5,1,35.06,32.82
0,0,0.1,0.7,0,0.1,0,77.48,0,1,0.1,0.7,0,0.1,0,75.9,0,1,0.1,0.7,0,0.1,0,74.32,0,1,0.1,0.7,0,0.1,0,72.74,0,1,0.1,0.7,0,0.1,0,72.74,0,1,0.1,0.7,0,0.1,0,71.16,0,1,0.1,0.7,0,0.1,0,69.58,0,1,0.1,0.7,0,0.1,0,68,0,1,0.1,0.7,0,0.1,0,70,0,0,0.47,0.5,0.5,0.5,1,37.3,1,1,0.47,0.5,0.5,0.5,1,35.06,1,1,0.47,0.5,0.5,0.5,1,32.82,32.6
0,1,0.1,0.7,0,0.1,0,75.9,0,1,0.1,0.7,0,0.1,0,74.32,0,1,0.1,0.7,0,0.1,0,72.74,0,1,0.1,0.7,0,0.1,0,71.16,0,1,0.1,0.7,0,0.1,0,71.16,0,1,0.1,0.7,0,0.1,0,69.58,0,1,0.1,0.7,0,0.1,0,68,0,1,0.1,0.7,0,0.1,0,70,0,0,0.47,0.5,0.5,0.5,1,37.3,1,1,0.47,0.5,0.5,0.5,1,35.06,1,1,0.47,0.5,0.5,0.5,1,32.82,7,8,8.7,9.9,10,12,5,32.6,34.4
0,1,0.1,0.7,0,0.1,0,74.32,0,1,0.1,0.7,0,0.1,0,72.74,0,1,0.1,0.7,0,0.1,0,71.16,0,1,0.1,0.7,0,0.1,0,69.58,0,1,0.1,0.7,0,0.1,0,69.58,0,1,0.1,0.7,0,0.1,0,68,0,1,0.1,0.7,0,0.1,0,70,0,0,0.47,0.5,0.5,0.5,1,37.3,1,1,0.47,0.5,0.5,0.5,1,35.06,1,1,0.47,0.5,0.5,0.5,1,32.82,7,8,8.7,9.9,10,12,5,32.6,13,14,13.7,12.6,9,8.9,10,34.4,37.3
0,1,0.1,0.7,0,0.1,0,72.74,0,1,0.1,0.7,0,0.1,0,71.16,0,1,0.1,0.7,0,0.1,0,69.58,0,1,0.1,0.7,0,0.1,0,68,0,1,0.1,0.7,0,0.1,0,68,0,1,0.1,0.7,0,0.1,0,70,0,0,0.47,0.5,0.5,0.5,1,37.3,1,1,0.47,0.5,0.5,0.5,1,35.06,1,1,0.47,0.5,0.5,0.5,1,32.82,7,8,8.7,9.9,10,12,5,32.6,13,14,13.7,12.6,9,8.9,10,34.4,13,14,13.7,12.6,9,8.9,10,37.3,54.7
0,1,0.1,0.7,0,0.1,0,71.16,0,1,0.1,0.7,0,0.1,0,69.58,0,1,0.1,0.7,0,0.1,0,68,0,1,0.1,0.7,0,0.1,0,70,0,1,0.1,0.7,0,0.1,0,70,0,0,0.47,0.5,0.5,0.5,1,37.3,1,1,0.47,0.5,0.5,0.5,1,35.06,1,1,0.47,0.5,0.5,0.5,1,32.82,7,8,8.7,9.9,10,12,5,32.6,13,14,13.7,12.6,9,8.9,10,34.4,13,14,13.7,12.6,9,8.9,10,37.3,8,8,10.1,10.2,9,10.8,12,54.7,87
0,1,0.1,0.7,0,0.1,0,69.58,0,1,0.1,0.7,0,0.1,0,68,0,1,0.1,0.7,0,0.1,0,70,0,0,0.47,0.5,0.5,0.5,1,37.3,0,0,0.47,0.5,0.5,0.5,1,37.3,1,1,0.47,0.5,0.5,0.5,1,35.06,1,1,0.47,0.5,0.5,0.5,1,32.82,7,8,8.7,9.9,10,12,5,32.6,13,14,13.7,12.6,9,8.9,10,34.4,13,14,13.7,12.6,9,8.9,10,37.3,8,8,10.1,10.2,9,10.8,12,54.7,1,1.5,2.6,2.9,5,8,9,87,214
0,1,0.1,0.7,0,0.1,0,68,0,1,0.1,0.7,0,0.1,0,70,0,0,0.47,0.5,0.5,0.5,1,37.3,1,1,0.47,0.5,0.5,0.5,1,35.06,1,1,0.47,0.5,0.5,0.5,1,35.06,1,1,0.47,0.5,0.5,0.5,1,32.82,7,8,8.7,9.9,10,12,5,32.6,13,14,13.7,12.6,9,8.9,10,34.4,13,14,13.7,12.6,9,8.9,10,37.3,8,8,10.1,10.2,9,10.8,12,54.7,1,1.5,2.6,2.9,5,8,9,87,1,1.5,2.6,2.9,5,8,9,214,356
0,1,0.1,0.7,0,0.1,0,70,0,0,0.47,0.5,0.5,0.5,1,37.3,1,1,0.47,0.5,0.5,0.5,1,35.06,1,1,0.47,0.5,0.5,0.5,1,32.82,1,1,0.47,0.5,0.5,0.5,1,32.82,7,8,8.7,9.9,10,12,5,32.6,13,14,13.7,12.6,9,8.9,10,34.4,13,14,13.7,12.6,9,8.9,10,37.3,8,8,10.1,10.2,9,10.8,12,54.7,1,1.5,2.6,2.9,5,8,9,87,1,1.5,2.6,2.9,5,8,9,214,2,2,2.8,2.7,2,4.6,3,356,580.66
0,0,0.47,0.5,0.5,0.5,1,37.3,1,1,0.47,0.5,0.5,0.5,1,35.06,1,1,0.47,0.5,0.5,0.5,1,32.82,7,8,8.7,9.9,10,12,5,32.6,7,8,8.7,9.9,10,12,5,32.6,13,14,13.7,12.6,9,8.9,10,34.4,13,14,13.7,12.6,9,8.9,10,37.3,8,8,10.1,10.2,9,10.8,12,54.7,1,1.5,2.6,2.9,5,8,9,87,1,1.5,2.6,2.9,5,8,9,214,2,2,2.8,2.7,2,4.6,3,356,6,5,4.7,4.6,3,3.2,2,580.66,705
1,1,0.47,0.5,0.5,0.5,1,35.06,1,1,0.47,0.5,0.5,0.5,1,32.82,7,8,8.7,9.9,10,12,5,32.6,13,14,13.7,12.6,9,8.9,10,34.4,13,14,13.7,12.6,9,8.9,10,34.4,13,14,13.7,12.6,9,8.9,10,37.3,8,8,10.1,10.2,9,10.8,12,54.7,1,1.5,2.6,2.9,5,8,9,87,1,1.5,2.6,2.9,5,8,9,214,2,2,2.8,2.7,2,4.6,3,356,6,5,4.7,4.6,3,3.2,2,580.66,6,5,4.7,4.6,3,3.2,2,705,687
1,1,0.47,0.5,0.5,0.5,1,32.82,7,8,8.7,9.9,10,12,5,32.6,13,14,13.7,12.6,9,8.9,10,34.4,13,14,13.7,12.6,9,8.9,10,37.3,13,14,13.7,12.6,9,8.9,10,37.3,8,8,10.1,10.2,9,10.8,12,54.7,1,1.5,2.6,2.9,5,8,9,87,1,1.5,2.6,2.9,5,8,9,214,2,2,2.8,2.7,2,4.6,3,356,6,5,4.7,4.6,3,3.2,2,580.66,6,5,4.7,4.6,3,3.2,2,705,0,0,0.9,0.3,0,0.23,0,687,658.58
7,8,8.7,9.9,10,12,5,32.6,13,14,13.7,12.6,9,8.9,10,34.4,13,14,13.7,12.6,9,8.9,10,37.3,8,8,10.1,10.2,9,10.8,12,54.7,8,8,10.1,10.2,9,10.8,12,54.7,1,1.5,2.6,2.9,5,8,9,87,1,1.5,2.6,2.9,5,8,9,214,2,2,2.8,2.7,2,4.6,3,356,6,5,4.7,4.6,3,3.2,2,580.66,6,5,4.7,4.6,3,3.2,2,705,0,0,0.9,0.3,0,0.23,0,687,0,0,0.55,0.3,0.5,0.23,0,658.58,630.16
13,14,13.7,12.6,9,8.9,10,34.4,13,14,13.7,12.6,9,8.9,10,37.3,8,8,10.1,10.2,9,10.8,12,54.7,1,1.5,2.6,2.9,5,8,9,87,1,1.5,2.6,2.9,5,8,9,87,1,1.5,2.6,2.9,5,8,9,214,2,2,2.8,2.7,2,4.6,3,356,6,5,4.7,4.6,3,3.2,2,580.66,6,5,4.7,4.6,3,3.2,2,705,0,0,0.9,0.3,0,0.23,0,687,0,0,0.55,0.3,0.5,0.23,0,658.58,0,0,0.55,0.3,0.5,0.23,0,630.16,601.75
13,14,13.7,12.6,9,8.9,10,37.3,8,8,10.1,10.2,9,10.8,12,54.7,1,1.5,2.6,2.9,5,8,9,87,1,1.5,2.6,2.9,5,8,9,214,1,1.5,2.6,2.9,5,8,9,214,2,2,2.8,2.7,2,4.6,3,356,6,5,4.7,4.6,3,3.2,2,580.66,6,5,4.7,4.6,3,3.2,2,705,0,0,0.9,0.3,0,0.23,0,687,0,0,0.55,0.3,0.5,0.23,0,658.58,0,0,0.55,0.3,0.5,0.23,0,630.16,3,2,3.7,2.9,4,3.5,3,601.75,573.33
8,8,10.1,10.2,9,10.8,12,54.7,1,1.5,2.6,2.9,5,8,9,87,1,1.5,2.6,2.9,5,8,9,214,2,2,2.8,2.7,2,4.6,3,356,2,2,2.8,2.7,2,4.6,3,356,6,5,4.7,4.6,3,3.2,2,580.66,6,5,4.7,4.6,3,3.2,2,705,0,0,0.9,0.3,0,0.23,0,687,0,0,0.55,0.3,0.5,0.23,0,658.58,0,0,0.55,0.3,0.5,0.23,0,630.16,3,2,3.7,2.9,4,3.5,3,601.75,1.5,1.5,3.2,3.2,4,5.3,6,573.33,544.91
1,1.5,2.6,2.9,5,8,9,87,1,1.5,2.6,2.9,5,8,9,214,2,2,2.8,2.7,2,4.6,3,356,6,5,4.7,4.6,3,3.2,2,580.66,6,5,4.7,4.6,3,3.2,2,580.66,6,5,4.7,4.6,3,3.2,2,705,0,0,0.9,0.3,0,0.23,0,687,0,0,0.55,0.3,0.5,0.23,0,658.58,0,0,0.55,0.3,0.5,0.23,0,630.16,3,2,3.7,2.9,4,3.5,3,601.75,1.5,1.5,3.2,3.2,4,5.3,6,573.33,1.5,1.5,3.2,3.2,4,5.3,6,544.91,516.5
1,1.5,2.6,2.9,5,8,9,214,2,2,2.8,2.7,2,4.6,3,356,6,5,4.7,4.6,3,3.2,2,580.66,6,5,4.7,4.6,3,3.2,2,705,6,5,4.7,4.6,3,3.2,2,705,0,0,0.9,0.3,0,0.23,0,687,0,0,0.55,0.3,0.5,0.23,0,658.58,0,0,0.55,0.3,0.5,0.23,0,630.16,3,2,3.7,2.9,4,3.5,3,601.75,1.5,1.5,3.2,3.2,4,5.3,6,573.33,1.5,1.5,3.2,3.2,4,5.3,6,544.91,0,0.3,0.7,1.03,1.3,2.8,1,516.5,488.08
2,2,2.8,2.7,2,4.6,3,356,6,5,4.7,4.6,3,3.2,2,580.66,6,5,4.7,4.6,3,3.2,2,705,0,0,0.9,0.3,0,0.23,0,687,0,0,0.9,0.3,0,0.23,0,687,0,0,0.55,0.3,0.5,0.23,0,658.58,0,0,0.55,0.3,0.5,0.23,0,630.16,3,2,3.7,2.9,4,3.5,3,601.75,1.5,1.5,3.2,3.2,4,5.3,6,573.33,1.5,1.5,3.2,3.2,4,5.3,6,544.91,0,0.3,0.7,1.03,1.3,2.8,1,516.5,0,0.3,0.7,1.03,1.3,1.2,1,488.08,459.66
6,5,4.7,4.6,3,3.2,2,580.66,6,5,4.7,4.6,3,3.2,2,705,0,0,0.9,0.3,0,0.23,0,687,0,0,0.55,0.3,0.5,0.23,0,658.58,0,0,0.55,0.3,0.5,0.23,0,658.58,0,0,0.55,0.3,0.5,0.23,0,630.16,3,2,3.7,2.9,4,3.5,3,601.75,1.5,1.5,3.2,3.2,4,5.3,6,573.33,1.5,1.5,3.2,3.2,4,5.3,6,544.91,0,0.3,0.7,1.03,1.3,2.8,1,516.5,0,0.3,0.7,1.03,1.3,1.2,1,488.08,0,0.3,0.7,1.03,1.3,1.2,1,459.66,431.25
6,5,4.7,4.6,3,3.2,2,705,0,0,0.9,0.3,0,0.23,0,687,0,0,0.55,0.3,0.5,0.23,0,658.58,0,0,0.55,0.3,0.5,0.23,0,630.16,0,0,0.55,0.3,0.5,0.23,0,630.16,3,2,3.7,2.9,4,3.5,3,601.75,1.5,1.5,3.2,3.2,4,5.3,6,573.33,1.5,1.5,3.2,3.2,4,5.3,6,544.91,0,0.3,0.7,1.03,1.3,2.8,1,516.5,0,0.3,0.7,1.03,1.3,1.2,1,488.08,0,0.3,0.7,1.03,1.3,1.2,1,459.66,0,0,0.7,1.03,0,0.1,0,431.25,402.83
0,0,0.9,0.3,0,0.23,0,687,0,0,0.55,0.3,0.5,0.23,0,658.58,0,0,0.55,0.3,0.5,0.23,0,630.16,3,2,3.7,2.9,4,3.5,3,601.75,3,2,3.7,2.9,4,3.5,3,601.75,1.5,1.5,3.2,3.2,4,5.3,6,573.33,1.5,1.5,3.2,3.2,4,5.3,6,544.91,0,0.3,0.7,1.03,1.3,2.8,1,516.5,0,0.3,0.7,1.03,1.3,1.2,1,488.08,0,0.3,0.7,1.03,1.3,1.2,1,459.66,0,0,0.7,1.03,0,0.1,0,431.25,0,0,0.7,1.03,0,0.1,0,402.83,374.41
0,0,0.55,0.3,0.5,0.23,0,658.58,0,0,0.55,0.3,0.5,0.23,0,630.16,3,2,3.7,2.9,4,3.5,3,601.75,1.5,1.5,3.2,3.2,4,5.3,6,573.33,1.5,1.5,3.2,3.2,4,5.3,6,573.33,1.5,1.5,3.2,3.2,4,5.3,6,544.91,0,0.3,0.7,1.03,1.3,2.8,1,516.5,0,0.3,0.7,1.03,1.3,1.2,1,488.08,0,0.3,0.7,1.03,1.3,1.2,1,459.66,0,0,0.7,1.03,0,0.1,0,431.25,0,0,0.7,1.03,0,0.1,0,402.83,0,0,0.7,1.03,0,0.1,0,374.41,346
0,0,0.55,0.3,0.5,0.23,0,630.16,3,2,3.7,2.9,4,3.5,3,601.75,1.5,1.5,3.2,3.2,4,5.3,6,573.33,1.5,1.5,3.2,3.2,4,5.3,6,544.91,1.5,1.5,3.2,3.2,4,5.3,6,544.91,0,0.3,0.7,1.03,1.3,2.8,1,516.5,0,0.3,0.7,1.03,1.3,1.2,1,488.08,0,0.3,0.7,1.03,1.3,1.2,1,459.66,0,0,0.7,1.03,0,0.1,0,431.25,0,0,0.7,1.03,0,0.1,0,402.83,0,0,0.7,1.03,0,0.1,0,374.41,0,0,0.37,0.47,0,0.3,0,346,329.87
3,2,3.7,2.9,4,3.5,3,601.75,1.5,1.5,3.2,3.2,4,5.3,6,573.33,1.5,1.5,3.2,3.2,4,5.3,6,544.91,0,0.3,0.7,1.03,1.3,2.8,1,516.5,0,0.3,0.7,1.03,1.3,2.8,1,516.5,0,0.3,0.7,1.03,1.3,1.2,1,488.08,0,0.3,0.7,1.03,1.3,1.2,1,459.66,0,0,0.7,1.03,0,0.1,0,431.25,0,0,0.7,1.03,0,0.1,0,402.83,0,0,0.7,1.03,0,0.1,0,374.41,0,0,0.37,0.47,0,0.3,0,346,0,0,0.37,0.47,0,0.3,0,329.87,313.75
1.5,1.5,3.2,3.2,4,5.3,6,573.33,1.5,1.5,3.2,3.2,4,5.3,6,544.91,0,0.3,0.7,1.03,1.3,2.8,1,516.5,0,0.3,0.7,1.03,1.3,1.2,1,488.08,0,0.3,0.7,1.03,1.3,1.2,1,488.08,0,0.3,0.7,1.03,1.3,1.2,1,459.66,0,0,0.7,1.03,0,0.1,0,431.25,0,0,0.7,1.03,0,0.1,0,402.83,0,0,0.7,1.03,0,0.1,0,374.41,0,0,0.37,0.47,0,0.3,0,346,0,0,0.37,0.47,0,0.3,0,329.87,0,0,0.37,0.47,0,0.3,0,313.75,297.62
1.5,1.5,3.2,3.2,4,5.3,6,544.91,0,0.3,0.7,1.03,1.3,2.8,1,516.5,0,0.3,0.7,1.03,1.3,1.2,1,488.08,0,0.3,0.7,1.03,1.3,1.2,1,459.66,0,0.3,0.7,1.03,1.3,1.2,1,459.66,0,0,0.7,1.03,0,0.1,0,431.25,0,0,0.7,1.03,0,0.1,0,402.83,0,0,0.7,1.03,0,0.1,0,374.41,0,0,0.37,0.47,0,0.3,0,346,0,0,0.37,0.47,0,0.3,0,329.87,0,0,0.37,0.47,0,0.3,0,313.75,0,0,0.1,0.13,0,0.37,0,297.62,281.5
0,0.3,0.7,1.03,1.3,2.8,1,516.5,0,0.3,0.7,1.03,1.3,1.2,1,488.08,0,0.3,0.7,1.03,1.3,1.2,1,459.66,0,0,0.7,1.03,0,0.1,0,431.25,0,0,0.7,1.03,0,0.1,0,431.25,0,0,0.7,1.03,0,0.1,0,402.83,0,0,0.7,1.03,0,0.1,0,374.41,0,0,0.37,0.47,0,0.3,0,346,0,0,0.37,0.47,0,0.3,0,329.87,0,0,0.37,0.47,0,0.3,0,313.75,0,0,0.1,0.13,0,0.37,0,297.62,0,0,0.1,0.13,0,0.37,0,281.5,265.37
0,0.3,0.7,1.03,1.3,1.2,1,488.08,0,0.3,0.7,1.03,1.3,1.2,1,459.66,0,0,0.7,1.03,0,0.1,0,431.25,0,0,0.7,1.03,0,0.1,0,402.83,0,0,0.7,1.03,0,0.1,0,402.83,0,0,0.7,1.03,0,0.1,0,374.41,0,0,0.37,0.47,0,0.3,0,346,0,0,0.37,0.47,0,0.3,0,329.87,0,0,0.37,0.47,0,0.3,0,313.75,0,0,0.1,0.13,0,0.37,0,297.62,0,0,0.1,0.13,0,0.37,0,281.5,0,0,0.1,0.13,0,0.37,0,265.37,249.25
0,0.3,0.7,1.03,1.3,1.2,1,459.66,0,0,0.7,1.03,0,0.1,0,431.25,0,0,0.7,1.03,0,0.1,0,402.83,0,0,0.7,1.03,0,0.1,0,374.41,0,0,0.7,1.03,0,0.1,0,374.41,0,0,0.37,0.47,0,0.3,0,346,0,0,0.37,0.47,0,0.3,0,329.87,0,0,0.37,0.47,0,0.3,0,313.75,0,0,0.1,0.13,0,0.37,0,297.62,0,0,0.1,0.13,0,0.37,0,281.5,0,0,0.1,0.13,0,0.37,0,265.37,0,0,0.1,0.13,0,0.1,0,249.25,233.12
0,0,0.7,1.03,0,0.1,0,431.25,0,0,0.7,1.03,0,0.1,0,402.83,0,0,0.7,1.03,0,0.1,0,374.41,0,0,0.37,0.47,0,0.3,0,346,0,0,0.37,0.47,0,0.3,0,346,0,0,0.37,0.47,0,0.3,0,329.87,0,0,0.37,0.47,0,0.3,0,313.75,0,0,0.1,0.13,0,0.37,0,297.62,0,0,0.1,0.13,0,0.37,0,281.5,0,0,0.1,0.13,0,0.37,0,265.37,0,0,0.1,0.13,0,0.1,0,249.25,0,0,0.1,0.13,0,0.1,0,233.12,217
0,0,0.7,1.03,0,0.1,0,402.83,0,0,0.7,1.03,0,0.1,0,374.41,0,0,0.37,0.47,0,0.3,0,346,0,0,0.37,0.47,0,0.3,0,329.87,0,0,0.37,0.47,0,0.3,0,329.87,0,0,0.37,0.47,0,0.3,0,313.75,0,0,0.1,0.13,0,0.37,0,297.62,0,0,0.1,0.13,0,0.37,0,281.5,0,0,0.1,0.13,0,0.37,0,265.37,0,0,0.1,0.13,0,0.1,0,249.25,0,0,0.1,0.13,0,0.1,0,233.12,0,0,0.1,0.13,0,0.1,0,217,208.12
0,0,0.7,1.03,0,0.1,0,374.41,0,0,0.37,0.47,0,0.3,0,346,0,0,0.37,0.47,0,0.3,0,329.87,0,0,0.37,0.47,0,0.3,0,313.75,0,0,0.37,0.47,0,0.3,0,313.75,0,0,0.1,0.13,0,0.37,0,297.62,0,0,0.1,0.13,0,0.37,0,281.5,0,0,0.1,0.13,0,0.37,0,265.37,0,0,0.1,0.13,0,0.1,0,249.25,0,0,0.1,0.13,0,0.1,0,233.12,0,0,0.1,0.13,0,0.1,0,217,0,0,0.1,0.13,0,0.1,0,208.12,199.25
0,0,0.37,0.47,0,0.3,0,346,0,0,0.37,0.47,0,0.3,0,329.87,0,0,0.37,0.47,0,0.3,0,313.75,0,0,0.1,0.13,0,0.37,0,297.62,0,0,0.1,0.13,0,0.37,0,297.62,0,0,0.1,0.13,0,0.37,0,281.5,0,0,0.1,0.13,0,0.37,0,265.37,0,0,0.1,0.13,0,0.1,0,249.25,0,0,0.1,0.13,0,0.1,0,233.12,0,0,0.1,0.13,0,0.1,0,217,0,0,0.1,0.13,0,0.1,0,208.12,0,0,0.1,0.13,0,0.1,0,199.25,190.37
0,0,0.37,0.47,0,0.3,0,329.87,0,0,0.37,0.47,0,0.3,0,313.75,0,0,0.1,0.13,0,0.37,0,297.62,0,0,0.1,0.13,0,0.37,0,281.5,0,0,0.1,0.13,0,0.37,0,281.5,0,0,0.1,0.13,0,0.37,0,265.37,0,0,0.1,0.13,0,0.1,0,249.25,0,0,0.1,0.13,0,0.1,0,233.12,0,0,0.1,0.13,0,0.1,0,217,0,0,0.1,0.13,0,0.1,0,208.12,0,0,0.1,0.13,0,0.1,0,199.25,0,0,0.1,0.13,0,0.1,0,190.37,181.5
0,0,0.37,0.47,0,0.3,0,313.75,0,0,0.1,0.13,0,0.37,0,297.62,0,0,0.1,0.13,0,0.37,0,281.5,0,0,0.1,0.13,0,0.37,0,265.37,0,0,0.1,0.13,0,0.37,0,265.37,0,0,0.1,0.13,0,0.1,0,249.25,0,0,0.1,0.13,0,0.1,0,233.12,0,0,0.1,0.13,0,0.1,0,217,0,0,0.1,0.13,0,0.1,0,208.12,0,0,0.1,0.13,0,0.1,0,199.25,0,0,0.1,0.13,0,0.1,0,190.37,0,0,0.1,0.13,0,0.1,0,181.5,172.62
0,0,0.1,0.13,0,0.37,0,297.62,0,0,0.1,0.13,0,0.37,0,281.5,0,0,0.1,0.13,0,0.37,0,265.37,0,0,0.1,0.13,0,0.1,0,249.25,0,0,0.1,0.13,0,0.1,0,249.25,0,0,0.1,0.13,0,0.1,0,233.12,0,0,0.1,0.13,0,0.1,0,217,0,0,0.1,0.13,0,0.1,0,208.12,0,0,0.1,0.13,0,0.1,0,199.25,0,0,0.1,0.13,0,0.1,0,190.37,0,0,0.1,0.13,0,0.1,0,181.5,0,0,0.1,0.13,0,0.1,0,172.62,163.75
0,0,0.1,0.13,0,0.37,0,281.5,0,0,0.1,0.13,0,0.37,0,265.37,0,0,0.1,0.13,0,0.1,0,249.25,0,0,0.1,0.13,0,0.1,0,233.12,0,0,0.1,0.13,0,0.1,0,233.12,0,0,0.1,0.13,0,0.1,0,217,0,0,0.1,0.13,0,0.1,0,208.12,0,0,0.1,0.13,0,0.1,0,199.25,0,0,0.1,0.13,0,0.1,0,190.37,0,0,0.1,0.13,0,0.1,0,181.5,0,0,0.1,0.13,0,0.1,0,172.62,0,0,0.1,0.13,0,0.1,0,163.75,154.87
0,0,0.1,0.13,0,0.37,0,265.37,0,0,0.1,0.13,0,0.1,0,249.25,0,0,0.1,0.13,0,0.1,0,233.12,0,0,0.1,0.13,0,0.1,0,217,0,0,0.1,0.13,0,0.1,0,217,0,0,0.1,0.13,0,0.1,0,208.12,0,0,0.1,0.13,0,0.1,0,199.25,0,0,0.1,0.13,0,0.1,0,190.37,0,0,0.1,0.13,0,0.1,0,181.5,0,0,0.1,0.13,0,0.1,0,172.62,0,0,0.1,0.13,0,0.1,0,163.75,0,0,0.1,0.13,0,0.5,0,154.87,146
0,0,0.1,0.13,0,0.1,0,249.25,0,0,0.1,0.13,0,0.1,0,233.12,0,0,0.1,0.13,0,0.1,0,217,0,0,0.1,0.13,0,0.1,0,208.12,0,0,0.1,0.13,0,0.1,0,208.12,0,0,0.1,0.13,0,0.1,0,199.25,0,0,0.1,0.13,0,0.1,0,190.37,0,0,0.1,0.13,0,0.1,0,181.5,0,0,0.1,0.13,0,0.1,0,172.62,0,0,0.1,0.13,0,0.1,0,163.75,0,0,0.1,0.13,0,0.5,0,154.87,0,0,0.3,0.25,0,0.5,0,146,141.12
0,0,0.1,0.13,0,0.1,0,233.12,0,0,0.1,0.13,0,0.1,0,217,0,0,0.1,0.13,0,0.1,0,208.12,0,0,0.1,0.13,0,0.1,0,199.25,0,0,0.1,0.13,0,0.1,0,199.25,0,0,0.1,0.13,0,0.1,0,190.37,0,0,0.1,0.13,0,0.1,0,181.5,0,0,0.1,0.13,0,0.1,0,172.62,0,0,0.1,0.13,0,0.1,0,163.75,0,0,0.1,0.13,0,0.5,0,154.87,0,0,0.3,0.25,0,0.5,0,146,0,0,0.3,0.25,0,0.5,0,141.12,136.25
0,0,0.1,0.13,0,0.1,0,217,0,0,0.1,0.13,0,0.1,0,208.12,0,0,0.1,0.13,0,0.1,0,199.25,0,0,0.1,0.13,0,0.1,0,190.37,0,0,0.1,0.13,0,0.1,0,190.37,0,0,0.1,0.13,0,0.1,0,181.5,0,0,0.1,0.13,0,0.1,0,172.62,0,0,0.1,0.13,0,0.1,0,163.75,0,0,0.1,0.13,0,0.5,0,154.87,0,0,0.3,0.25,0,0.5,0,146,0,0,0.3,0.25,0,0.5,0,141.12,0,0,0.1,0.37,0,0.33,0,136.25,131.37
0,0,0.1,0.13,0,0.1,0,208.12,0,0,0.1,0.13,0,0.1,0,199.25,0,0,0.1,0.13,0,0.1,0,190.37,0,0,0.1,0.13,0,0.1,0,181.5,0,0,0.1,0.13,0,0.1,0,181.5,0,0,0.1,0.13,0,0.1,0,172.62,0,0,0.1,0.13,0,0.1,0,163.75,0,0,0.1,0.13,0,0.5,0,154.87,0,0,0.3,0.25,0,0.5,0,146,0,0,0.3,0.25,0,0.5,0,141.12,0,0,0.1,0.37,0,0.33,0,136.25,0,0,0.1,0.37,0,0.33,0,131.37,126.5
0,0,0.1,0.13,0,0.1,0,199.25,0,0,0.1,0.13,0,0.1,0,190.37,0,0,0.1,0.13,0,0.1,0,181.5,0,0,0.1,0.13,0,0.1,0,172.62,0,0,0.1,0.13,0,0.1,0,172.62,0,0,0.1,0.13,0,0.1,0,163.75,0,0,0.1,0.13,0,0.5,0,154.87,0,0,0.3,0.25,0,0.5,0,146,0,0,0.3,0.25,0,0.5,0,141.12,0,0,0.1,0.37,0,0.33,0,136.25,0,0,0.1,0.37,0,0.33,0,131.37,0,0,0.1,0.37,0,0.33,0,126.5,121.62
0,0,0.1,0.13,0,0.1,0,190.37,0,0,0.1,0.13,0,0.1,0,181.5,0,0,0.1,0.13,0,0.1,0,172.62,0,0,0.1,0.13,0,0.1,0,163.75,0,0,0.1,0.13,0,0.1,0,163.75,0,0,0.1,0.13,0,0.5,0,154.87,0,0,0.3,0.25,0,0.5,0,146,0,0,0.3,0.25,0,0.5,0,141.12,0,0,0.1,0.37,0,0.33,0,136.25,0,0,0.1,0.37,0,0.33,0,131.37,0,0,0.1,0.37,0,0.33,0,126.5,0,0.5,0.23,0.37,0.3,0.37,0,121.62,116.75
0,0,0.1,0.13,0,0.1,0,181.5,0,0,0.1,0.13,0,0.1,0,172.62,0,0,0.1,0.13,0,0.1,0,163.75,0,0,0.1,0.13,0,0.5,0,154.87,0,0,0.1,0.13,0,0.5,0,154.87,0,0,0.3,0.25,0,0.5,0,146,0,0,0.3,0.25,0,0.5,0,141.12,0,0,0.1,0.37,0,0.33,0,136.25,0,0,0.1,0.37,0,0.33,0,131.37,0,0,0.1,0.37,0,0.33,0,126.5,0,0.5,0.23,0.37,0.3,0.37,0,121.62,0,0.5,0.23,0.37,0.3,0.37,0,116.75,111.87
0,0,0.1,0.13,0,0.1,0,172.62,0,0,0.1,0.13,0,0.1,0,163.75,0,0,0.1,0.13,0,0.5,0,154.87,0,0,0.3,0.25,0,0.5,0,146,0,0,0.3,0.25,0,0.5,0,146,0,0,0.3,0.25,0,0.5,0,141.12,0,0,0.1,0.37,0,0.33,0,136.25,0,0,0.1,0.37,0,0.33,0,131.37,0,0,0.1,0.37,0,0.33,0,126.5,0,0.5,0.23,0.37,0.3,0.37,0,121.62,0,0.5,0.23,0.37,0.3,0.37,0,116.75,0,0.5,0.23,0.37,0.3,0.37,0,111.87,107
0,0,0.1,0.13,0,0.1,0,163.75,0,0,0.1,0.13,0,0.5,0,154.87,0,0,0.3,0.25,0,0.5,0,146,0,0,0.3,0.25,0,0.5,0,141.12,0,0,0.3,0.25,0,0.5,0,141.12,0,0,0.1,0.37,0,0.33,0,136.25,0,0,0.1,0.37,0,0.33,0,131.37,0,0,0.1,0.37,0,0.33,0,126.5,0,0.5,0.23,0.37,0.3,0.37,0,121.62,0,0.5,0.23,0.37,0.3,0.37,0,116.75,0,0.5,0.23,0.37,0.3,0.37,0,111.87,2,0,0.4,2.4,1,1.2,0.3,107,105.33
0,0,0.1,0.13,0,0.5,0,154.87,0,0,0.3,0.25,0,0.5,0,146,0,0,0.3,0.25,0,0.5,0,141.12,0,0,0.1,0.37,0,0.33,0,136.25,0,0,0.1,0.37,0,0.33,0,136.25,0,0,0.1,0.37,0,0.33,0,131.37,0,0,0.1,0.37,0,0.33,0,126.5,0,0.5,0.23,0.37,0.3,0.37,0,121.62,0,0.5,0.23,0.37,0.3,0.37,0,116.75,0,0.5,0.23,0.37,0.3,0.37,0,111.87,2,0,0.4,2.4,1,1.2,0.3,107,5,4,4,4,3,3.5,0.3,105.33,103.66
0,0,0.3,0.25,0,0.5,0,146,0,0,0.3,0.25,0,0.5,0,141.12,0,0,0.1,0.37,0,0.33,0,136.25,0,0,0.1,0.37,0,0.33,0,131.37,0,0,0.1,0.37,0,0.33,0,131.37,0,0,0.1,0.37,0,0.33,0,126.5,0,0.5,0.23,0.37,0.3,0.37,0,121.62,0,0.5,0.23,0.37,0.3,0.37,0,116.75,0,0.5,0.23,0.37,0.3,0.37,0,111.87,2,0,0.4,2.4,1,1.2,0.3,107,5,4,4,4,3,3.5,0.3,105.33,5,4,4,4,3,3.5,0.3,103.66,102
0,0,0.3,0.25,0,0.5,0,141.12,0,0,0.1,0.37,0,0.33,0,136.25,0,0,0.1,0.37,0,0.33,0,131.37,0,0,0.1,0.37,0,0.33,0,126.5,0,0,0.1,0.37,0,0.33,0,126.5,0,0.5,0.23,0.37,0.3,0.37,0,121.62,0,0.5,0.23,0.37,0.3,0.37,0,116.75,0,0.5,0.23,0.37,0.3,0.37,0,111.87,2,0,0.4,2.4,1,1.2,0.3,107,5,4,4,4,3,3.5,0.3,105.33,5,4,4,4,3,3.5,0.3,103.66,0.7,0.5,2.9,2.5,0.5,1,0.7,102,102
0,0,0.1,0.37,0,0.33,0,136.25,0,0,0.1,0.37,0,0.33,0,131.37,0,0,0.1,0.37,0,0.33,0,126.5,0,0.5,0.23,0.37,0.3,0.37,0,121.62,0,0.5,0.23,0.37,0.3,0.37,0,121.62,0,0.5,0.23,0.37,0.3,0.37,0,116.75,0,0.5,0.23,0.37,0.3,0.37,0,111.87,2,0,0.4,2.4,1,1.2,0.3,107,5,4,4,4,3,3.5,0.3,105.33,5,4,4,4,3,3.5,0.3,103.66,0.7,0.5,2.9,2.5,0.5,1,0.7,102,0.7,0.5,0.1,2.5,0.5,1,0.7,102,102
0,0,0.1,0.37,0,0.33,0,131.37,0,0,0.1,0.37,0,0.33,0,126.5,0,0.5,0.23,0.37,0.3,0.37,0,121.62,0,0.5,0.23,0.37,0.3,0.37,0,116.75,0,0.5,0.23,0.37,0.3,0.37,0,116.75,0,0.5,0.23,0.37,0.3,0.37,0,111.87,2,0,0.4,2.4,1,1.2,0.3,107,5,4,4,4,3,3.5,0.3,105.33,5,4,4,4,3,3.5,0.3,103.66,0.7,0.5,2.9,2.5,0.5,1,0.7,102,0.7,0.5,0.1,2.5,0.5,1,0.7,102,0.7,0.5,0.1,2.5,0.5,1,0.7,102,104.33
0,0,0.1,0.37,0,0.33,0,126.5,0,0.5,0.23,0.37,0.3,0.37,0,121.62,0,0.5,0.23,0.37,0.3,0.37,0,116.75,0,0.5,0.23,0.37,0.3,0.37,0,111.87,0,0.5,0.23,0.37,0.3,0.37,0,111.87,2,0,0.4,2.4,1,1.2,0.3,107,5,4,4,4,3,3.5,0.3,105.33,5,4,4,4,3,3.5,0.3,103.66,0.7,0.5,2.9,2.5,0.5,1,0.7,102,0.7,0.5,0.1,2.5,0.5,1,0.7,102,0.7,0.5,0.1,2.5,0.5,1,0.7,102,0,0,0.1,2.5,0,1,0,104.33,106.66
0,0.5,0.23,0.37,0.3,0.37,0,121.62,0,0.5,0.23,0.37,0.3,0.37,0,116.75,0,0.5,0.23,0.37,0.3,0.37,0,111.87,2,0,0.4,2.4,1,1.2,0.3,107,2,0,0.4,2.4,1,1.2,0.3,107,5,4,4,4,3,3.5,0.3,105.33,5,4,4,4,3,3.5,0.3,103.66,0.7,0.5,2.9,2.5,0.5,1,0.7,102,0.7,0.5,0.1,2.5,0.5,1,0.7,102,0.7,0.5,0.1,2.5,0.5,1,0.7,102,0,0,0.1,2.5,0,1,0,104.33,0,0,0.1,0.1,0,0.1,0,106.66,109
0,0.5,0.23,0.37,0.3,0.37,0,116.75,0,0.5,0.23,0.37,0.3,0.37,0,111.87,2,0,0.4,2.4,1,1.2,0.3,107,5,4,4,4,3,3.5,0.3,105.33,5,4,4,4,3,3.5,0.3,105.33,5,4,4,4,3,3.5,0.3,103.66,0.7,0.5,2.9,2.5,0.5,1,0.7,102,0.7,0.5,0.1,2.5,0.5,1,0.7,102,0.7,0.5,0.1,2.5,0.5,1,0.7,102,0,0,0.1,2.5,0,1,0,104.33,0,0,0.1,0.1,0,0.1,0,106.66,0,0,0.1,0.1,0,0.1,0,109,110.5
0,0.5,0.23,0.37,0.3,0.37,0,111.87,2,0,0.4,2.4,1,1.2,0.3,107,5,4,4,4,3,3.5,0.3,105.33,5,4,4,4,3,3.5,0.3,103.66,5,4,4,4,3,3.5,0.3,103.66,0.7,0.5,2.9,2.5,0.5,1,0.7,102,0.7,0.5,0.1,2.5,0.5,1,0.7,102,0.7,0.5,0.1,2.5,0.5,1,0.7,102,0,0,0.1,2.5,0,1,0,104.33,0,0,0.1,0.1,0,0.1,0,106.66,0,0,0.1,0.1,0,0.1,0,109,0,0,0.1,0.1,0,0.1,0,110.5,112
2,0,0.4,2.4,1,1.2,0.3,107,5,4,4,4,3,3.5,0.3,105.33,5,4,4,4,3,3.5,0.3,103.66,0.7,0.5,2.9,2.5,0.5,1,0.7,102,0.7,0.5,2.9,2.5,0.5,1,0.7,102,0.7,0.5,0.1,2.5,0.5,1,0.7,102,0.7,0.5,0.1,2.5,0.5,1,0.7,102,0,0,0.1,2.5,0,1,0,104.33,0,0,0.1,0.1,0,0.1,0,106.66,0,0,0.1,0.1,0,0.1,0,109,0,0,0.1,0.1,0,0.1,0,110.5,0,0,0.1,0.1,0,0.1,0,112,112
5,4,4,4,3,3.5,0.3,105.33,5,4,4,4,3,3.5,0.3,103.66,0.7,0.5,2.9,2.5,0.5,1,0.7,102,0.7,0.5,0.1,2.5,0.5,1,0.7,102,0.7,0.5,0.1,2.5,0.5,1,0.7,102,0.7,0.5,0.1,2.5,0.5,1,0.7,102,0,0,0.1,2.5,0,1,0,104.33,0,0,0.1,0.1,0,0.1,0,106.66,0,0,0.1,0.1,0,0.1,0,109,0,0,0.1,0.1,0,0.1,0,110.5,0,0,0.1,0.1,0,0.1,0,112,0,0,0.1,0.1,0,0.1,0,112,112
5,4,4,4,3,3.5,0.3,103.66,0.7,0.5,2.9,2.5,0.5,1,0.7,102,0.7,0.5,0.1,2.5,0.5,1,0.7,102,0.7,0.5,0.1,2.5,0.5,1,0.7,102,0.7,0.5,0.1,2.5,0.5,1,0.7,102,0,0,0.1,2.5,0,1,0,104.33,0,0,0.1,0.1,0,0.1,0,106.66,0,0,0.1,0.1,0,0.1,0,109,0,0,0.1,0.1,0,0.1,0,110.5,0,0,0.1,0.1,0,0.1,0,112,0,0,0.1,0.1,0,0.1,0,112,0,0,0.1,0.1,0,0.1,0,112,112
0.7,0.5,2.9,2.5,0.5,1,0.7,102,0.7,0.5,0.1,2.5,0.5,1,0.7,102,0.7,0.5,0.1,2.5,0.5,1,0.7,102,0,0,0.1,2.5,0,1,0,104.33,0,0,0.1,2.5,0,1,0,104.33,0,0,0.1,0.1,0,0.1,0,106.66,0,0,0.1,0.1,0,0.1,0,109,0,0,0.1,0.1,0,0.1,0,110.5,0,0,0.1,0.1,0,0.1,0,112,0,0,0.1,0.1,0,0.1,0,112,0,0,0.1,0.1,0,0.1,0,112,0,0,0.1,0.1,0,0.1,0,112,110.21
0.7,0.5,0.1,2.5,0.5,1,0.7,102,0.7,0.5,0.1,2.5,0.5,1,0.7,102,0,0,0.1,2.5,0,1,0,104.33,0,0,0.1,0.1,0,0.1,0,106.66,0,0,0.1,0.1,0,0.1,0,106.66,0,0,0.1,0.1,0,0.1,0,109,0,0,0.1,0.1,0,0.1,0,110.5,0,0,0.1,0.1,0,0.1,0,112,0,0,0.1,0.1,0,0.1,0,112,0,0,0.1,0.1,0,0.1,0,112,0,0,0.1,0.1,0,0.1,0,112,0,0,0.1,0.1,0,0.1,0,110.21,108.43
0.7,0.5,0.1,2.5,0.5,1,0.7,102,0,0,0.1,2.5,0,1,0,104.33,0,0,0.1,0.1,0,0.1,0,106.66,0,0,0.1,0.1,0,0.1,0,109,0,0,0.1,0.1,0,0.1,0,109,0,0,0.1,0.1,0,0.1,0,110.5,0,0,0.1,0.1,0,0.1,0,112,0,0,0.1,0.1,0,0.1,0,112,0,0,0.1,0.1,0,0.1,0,112,0,0,0.1,0.1,0,0.1,0,112,0,0,0.1,0.1,0,0.1,0,110.21,0,0,0.1,0.1,0,0.1,0,108.43,106.64
0,0,0.1,2.5,0,1,0,104.33,0,0,0.1,0.1,0,0.1,0,106.66,0,0,0.1,0.1,0,0.1,0,109,0,0,0.1,0.1,0,0.1,0,110.5,0,0,0.1,0.1,0,0.1,0,110.5,0,0,0.1,0.1,0,0.1,0,112,0,0,0.1,0.1,0,0.1,0,112,0,0,0.1,0.1,0,0.1,0,112,0,0,0.1,0.1,0,0.1,0,112,0,0,0.1,0.1,0,0.1,0,110.21,0,0,0.1,0.1,0,0.1,0,108.43,0,0,0.1,0.1,0,0.1,0,106.64,104.86
0,0,0.1,0.1,0,0.1,0,106.66,0,0,0.1,0.1,0,0.1,0,109,0,0,0.1,0.1,0,0.1,0,110.5,0,0,0.1,0.1,0,0.1,0,112,0,0,0.1,0.1,0,0.1,0,112,0,0,0.1,0.1,0,0.1,0,112,0,0,0.1,0.1,0,0.1,0,112,0,0,0.1,0.1,0,0.1,0,112,0,0,0.1,0.1,0,0.1,0,110.21,0,0,0.1,0.1,0,0.1,0,108.43,0,0,0.1,0.1,0,0.1,0,106.64,0,0,0.1,0.1,0,0.1,0,104.86,103.07
0,0,0.1,0.1,0,0.1,0,109,0,0,0.1,0.1,0,0.1,0,110.5,0,0,0.1,0.1,0,0.1,0,112,0,0,0.1,0.1,0,0.1,0,112,0,0,0.1,0.1,0,0.1,0,112,0,0,0.1,0.1,0,0.1,0,112,0,0,0.1,0.1,0,0.1,0,112,0,0,0.1,0.1,0,0.1,0,110.21,0,0,0.1,0.1,0,0.1,0,108.43,0,0,0.1,0.1,0,0.1,0,106.64,0,0,0.1,0.1,0,0.1,0,104.86,0,0,0.1,0.1,0,0.1,0,103.07,101.29
0,0,0.1,0.1,0,0.1,0,110.5,0,0,0.1,0.1,0,0.1,0,112,0,0,0.1,0.1,0,0.1,0,112,0,0,0.1,0.1,0,0.1,0,112,0,0,0.1,0.1,0,0.1,0,112,0,0,0.1,0.1,0,0.1,0,112,0,0,0.1,0.1,0,0.1,0,110.21,0,0,0.1,0.1,0,0.1,0,108.43,0,0,0.1,0.1,0,0.1,0,106.64,0,0,0.1,0.1,0,0.1,0,104.86,0,0,0.1,0.1,0,0.1,0,103.07,0,0,0.1,0.1,0,0.1,0,101.29,99.51
0,0,0.1,0.1,0,0.1,0,112,0,0,0.1,0.1,0,0.1,0,112,0,0,0.1,0.1,0,0.1,0,112,0,0,0.1,0.1,0,0.1,0,112,0,0,0.1,0.1,0,0.1,0,112,0,0,0.1,0.1,0,0.1,0,110.21,0,0,0.1,0.1,0,0.1,0,108.43,0,0,0.1,0.1,0,0.1,0,106.64,0,0,0.1,0.1,0,0.1,0,104.86,0,0,0.1,0.1,0,0.1,0,103.07,0,0,0.1,0.1,0,0.1,0,101.29,0,0,0.1,0.1,0,0.1,0,99.51,97.72
0,0,0.1,0.1,0,0.1,0,112,0,0,0.1,0.1,0,0.1,0,112,0,0,0.1,0.1,0,0.1,0,112,0,0,0.1,0.1,0,0.1,0,110.21,0,0,0.1,0.1,0,0.1,0,110.21,0,0,0.1,0.1,0,0.1,0,108.43,0,0,0.1,0.1,0,0.1,0,106.64,0,0,0.1,0.1,0,0.1,0,104.86,0,0,0.1,0.1,0,0.1,0,103.07,0,0,0.1,0.1,0,0.1,0,101.29,0,0,0.1,0.1,0,0.1,0,99.51,0,0,0.1,0.1,0,0.1,0,97.72,95.94
0,0,0.1,0.1,0,0.1,0,112,0,0,0.1,0.1,0,0.1,0,112,0,0,0.1,0.1,0,0.1,0,110.21,0,0,0.1,0.1,0,0.1,0,108.43,0,0,0.1,0.1,0,0.1,0,108.43,0,0,0.1,0.1,0,0.1,0,106.64,0,0,0.1,0.1,0,0.1,0,104.86,0,0,0.1,0.1,0,0.1,0,103.07,0,0,0.1,0.1,0,0.1,0,101.29,0,0,0.1,0.1,0,0.1,0,99.51,0,0,0.1,0.1,0,0.1,0,97.72,0,0,0.1,0.1,0,0.1,0,95.94,94.15
0,0,0.1,0.1,0,0.1,0,112,0,0,0.1,0.1,0,0.1,0,110.21,0,0,0.1,0.1,0,0.1,0,108.43,0,0,0.1,0.1,0,0.1,0,106.64,0,0,0.1,0.1,0,0.1,0,106.64,0,0,0.1,0.1,0,0.1,0,104.86,0,0,0.1,0.1,0,0.1,0,103.07,0,0,0.1,0.1,0,0.1,0,101.29,0,0,0.1,0.1,0,0.1,0,99.51,0,0,0.1,0.1,0,0.1,0,97.72,0,0,0.1,0.1,0,0.1,0,95.94,0,0,0.1,0.1,0,0.1,0,94.15,92.37
0,0,0.1,0.1,0,0.1,0,110.21,0,0,0.1,0.1,0,0.1,0,108.43,0,0,0.1,0.1,0,0.1,0,106.64,0,0,0.1,0.1,0,0.1,0,104.86,0,0,0.1,0.1,0,0.1,0,104.86,0,0,0.1,0.1,0,0.1,0,103.07,0,0,0.1,0.1,0,0.1,0,101.29,0,0,0.1,0.1,0,0.1,0,99.51,0,0,0.1,0.1,0,0.1,0,97.72,0,0,0.1,0.1,0,0.1,0,95.94,0,0,0.1,0.1,0,0.1,0,94.15,0,0,0.1,0.1,0,0.1,0,92.37,90.58
0,0,0.1,0.1,0,0.1,0,108.43,0,0,0.1,0.1,0,0.1,0,106.64,0,0,0.1,0.1,0,0.1,0,104.86,0,0,0.1,0.1,0,0.1,0,103.07,0,0,0.1,0.1,0,0.1,0,103.07,0,0,0.1,0.1,0,0.1,0,101.29,0,0,0.1,0.1,0,0.1,0,99.51,0,0,0.1,0.1,0,0.1,0,97.72,0,0,0.1,0.1,0,0.1,0,95.94,0,0,0.1,0.1,0,0.1,0,94.15,0,0,0.1,0.1,0,0.1,0,92.37,0,0,0.1,0.1,0,0.1,0,90.58,88.8
0,0,0.1,0.1,0,0.1,0,106.64,0,0,0.1,0.1,0,0.1,0,104.86,0,0,0.1,0.1,0,0.1,0,103.07,0,0,0.1,0.1,0,0.1,0,101.29,0,0,0.1,0.1,0,0.1,0,101.29,0,0,0.1,0.1,0,0.1,0,99.51,0,0,0.1,0.1,0,0.1,0,97.72,0,0,0.1,0.1,0,0.1,0,95.94,0,0,0.1,0.1,0,0.1,0,94.15,0,0,0.1,0.1,0,0.1,0,92.37,0,0,0.1,0.1,0,0.1,0,90.58,0,0,0.1,0.1,0,0.1,0,88.8,87.02
0,0,0.1,0.1,0,0.1,0,104.86,0,0,0.1,0.1,0,0.1,0,103.07,0,0,0.1,0.1,0,0.1,0,101.29,0,0,0.1,0.1,0,0.1,0,99.51,0,0,0.1,0.1,0,0.1,0,99.51,0,0,0.1,0.1,0,0.1,0,97.72,0,0,0.1,0.1,0,0.1,0,95.94,0,0,0.1,0.1,0,0.1,0,94.15,0,0,0.1,0.1,0,0.1,0,92.37,0,0,0.1,0.1,0,0.1,0,90.58,0,0,0.1,0.1,0,0.1,0,88.8,0,0,0.1,0.1,0,0.1,0,87.02,85.23
0,0,0.1,0.1,0,0.1,0,103.07,0,0,0.1,0.1,0,0.1,0,101.29,0,0,0.1,0.1,0,0.1,0,99.51,0,0,0.1,0.1,0,0.1,0,97.72,0,0,0.1,0.1,0,0.1,0,97.72,0,0,0.1,0.1,0,0.1,0,95.94,0,0,0.1,0.1,0,0.1,0,94.15,0,0,0.1,0.1,0,0.1,0,92.37,0,0,0.1,0.1,0,0.1,0,90.58,0,0,0.1,0.1,0,0.1,0,88.8,0,0,0.1,0.1,0,0.1,0,87.02,0,0,0.1,0.1,0,0.1,0,85.23,83.45
0,0,0.1,0.1,0,0.1,0,101.29,0,0,0.1,0.1,0,0.1,0,99.51,0,0,0.1,0.1,0,0.1,0,97.72,0,0,0.1,0.1,0,0.1,0,95.94,0,0,0.1,0.1,0,0.1,0,95.94,0,0,0.1,0.1,0,0.1,0,94.15,0,0,0.1,0.1,0,0.1,0,92.37,0,0,0.1,0.1,0,0.1,0,90.58,0,0,0.1,0.1,0,0.1,0,88.8,0,0,0.1,0.1,0,0.1,0,87.02,0,0,0.1,0.1,0,0.1,0,85.23,0,0,0.1,0.1,0,0.1,0,83.45,81.66
0,0,0.1,0.1,0,0.1,0,99.51,0,0,0.1,0.1,0,0.1,0,97.72,0,0,0.1,0.1,0,0.1,0,95.94,0,0,0.1,0.1,0,0.1,0,94.15,0,0,0.1,0.1,0,0.1,0,94.15,0,0,0.1,0.1,0,0.1,0,92.37,0,0,0.1,0.1,0,0.1,0,90.58,0,0,0.1,0.1,0,0.1,0,88.8,0,0,0.1,0.1,0,0.1,0,87.02,0,0,0.1,0.1,0,0.1,0,85.23,0,0,0.1,0.1,0,0.1,0,83.45,0,0,0.1,0.1,0,0.1,0,81.66,79.88
0,0,0.1,0.1,0,0.1,0,97.72,0,0,0.1,0.1,0,0.1,0,95.94,0,0,0.1,0.1,0,0.1,0,94.15,0,0,0.1,0.1,0,0.1,0,92.37,0,0,0.1,0.1,0,0.1,0,92.37,0,0,0.1,0.1,0,0.1,0,90.58,0,0,0.1,0.1,0,0.1,0,88.8,0,0,0.1,0.1,0,0.1,0,87.02,0,0,0.1,0.1,0,0.1,0,85.23,0,0,0.1,0.1,0,0.1,0,83.45,0,0,0.1,0.1,0,0.1,0,81.66,0,0,0.1,0.1,0,0.1,0,79.88,78.1
0,0,0.1,0.1,0,0.1,0,95.94,0,0,0.1,0.1,0,0.1,0,94.15,0,0,0.1,0.1,0,0.1,0,92.37,0,0,0.1,0.1,0,0.1,0,90.58,0,0,0.1,0.1,0,0.1,0,90.58,0,0,0.1,0.1,0,0.1,0,88.8,0,0,0.1,0.1,0,0.1,0,87.02,0,0,0.1,0.1,0,0.1,0,85.23,0,0,0.1,0.1,0,0.1,0,83.45,0,0,0.1,0.1,0,0.1,0,81.66,0,0,0.1,0.1,0,0.1,0,79.88,0,0,0.1,0.1,0,0.1,0,78.1,76.86
0,0,0.1,0.1,0,0.1,0,94.15,0,0,0.1,0.1,0,0.1,0,92.37,0,0,0.1,0.1,0,0.1,0,90.58,0,0,0.1,0.1,0,0.1,0,88.8,0,0,0.1,0.1,0,0.1,0,88.8,0,0,0.1,0.1,0,0.1,0,87.02,0,0,0.1,0.1,0,0.1,0,85.23,0,0,0.1,0.1,0,0.1,0,83.45,0,0,0.1,0.1,0,0.1,0,81.66,0,0,0.1,0.1,0,0.1,0,79.88,0,0,0.1,0.1,0,0.1,0,78.1,0,0,0.1,0.1,0,0.1,0,76.86,75.62
0,0,0.1,0.1,0,0.1,0,92.37,0,0,0.1,0.1,0,0.1,0,90.58,0,0,0.1,0.1,0,0.1,0,88.8,0,0,0.1,0.1,0,0.1,0,87.02,0,0,0.1,0.1,0,0.1,0,87.02,0,0,0.1,0.1,0,0.1,0,85.23,0,0,0.1,0.1,0,0.1,0,83.45,0,0,0.1,0.1,0,0.1,0,81.66,0,0,0.1,0.1,0,0.1,0,79.88,0,0,0.1,0.1,0,0.1,0,78.1,0,0,0.1,0.1,0,0.1,0,76.86,0,0,0.1,0.1,0,0.1,0,75.62,74.38
0,0,0.1,0.1,0,0.1,0,90.58,0,0,0.1,0.1,0,0.1,0,88.8,0,0,0.1,0.1,0,0.1,0,87.02,0,0,0.1,0.1,0,0.1,0,85.23,0,0,0.1,0.1,0,0.1,0,85.23,0,0,0.1,0.1,0,0.1,0,83.45,0,0,0.1,0.1,0,0.1,0,81.66,0,0,0.1,0.1,0,0.1,0,79.88,0,0,0.1,0.1,0,0.1,0,78.1,0,0,0.1,0.1,0,0.1,0,76.86,0,0,0.1,0.1,0,0.1,0,75.62,0,0,0.1,0.1,0,0.1,0,74.38,73.15
0,0,0.1,0.1,0,0.1,0,88.8,0,0,0.1,0.1,0,0.1,0,87.02,0,0,0.1,0.1,0,0.1,0,85.23,0,0,0.1,0.1,0,0.1,0,83.45,0,0,0.1,0.1,0,0.1,0,83.45,0,0,0.1,0.1,0,0.1,0,81.66,0,0,0.1,0.1,0,0.1,0,79.88,0,0,0.1,0.1,0,0.1,0,78.1,0,0,0.1,0.1,0,0.1,0,76.86,0,0,0.1,0.1,0,0.1,0,75.62,0,0,0.1,0.1,0,0.1,0,74.38,0,0,0.1,0.1,0,0.1,0,73.15,71.91
0,0,0.1,0.1,0,0.1,0,87.02,0,0,0.1,0.1,0,0.1,0,85.23,0,0,0.1,0.1,0,0.1,0,83.45,0,0,0.1,0.1,0,0.1,0,81.66,0,0,0.1,0.1,0,0.1,0,81.66,0,0,0.1,0.1,0,0.1,0,79.88,0,0,0.1,0.1,0,0.1,0,78.1,0,0,0.1,0.1,0,0.1,0,76.86,0,0,0.1,0.1,0,0.1,0,75.62,0,0,0.1,0.1,0,0.1,0,74.38,0,0,0.1,0.1,0,0.1,0,73.15,0,0,0.1,0.1,0,0.1,0,71.91,70.67
0,0,0.1,0.1,0,0.1,0,85.23,0,0,0.1,0.1,0,0.1,0,83.45,0,0,0.1,0.1,0,0.1,0,81.66,0,0,0.1,0.1,0,0.1,0,79.88,0,0,0.1,0.1,0,0.1,0,79.88,0,0,0.1,0.1,0,0.1,0,78.1,0,0,0.1,0.1,0,0.1,0,76.86,0,0,0.1,0.1,0,0.1,0,75.62,0,0,0.1,0.1,0,0.1,0,74.38,0,0,0.1,0.1,0,0.1,0,73.15,0,0,0.1,0.1,0,0.1,0,71.91,0,0,0.1,0.1,0,0.1,0,70.67,69.43
0,0,0.1,0.1,0,0.1,0,83.45,0,0,0.1,0.1,0,0.1,0,81.66,0,0,0.1,0.1,0,0.1,0,79.88,0,0,0.1,0.1,0,0.1,0,78.1,0,0,0.1,0.1,0,0.1,0,78.1,0,0,0.1,0.1,0,0.1,0,76.86,0,0,0.1,0.1,0,0.1,0,75.62,0,0,0.1,0.1,0,0.1,0,74.38,0,0,0.1,0.1,0,0.1,0,73.15,0,0,0.1,0.1,0,0.1,0,71.91,0,0,0.1,0.1,0,0.1,0,70.67,0,0,0.1,0.1,0,0.1,0,69.43,68.2
0,0,0.1,0.1,0,0.1,0,81.66,0,0,0.1,0.1,0,0.1,0,79.88,0,0,0.1,0.1,0,0.1,0,78.1,0,0,0.1,0.1,0,0.1,0,76.86,0,0,0.1,0.1,0,0.1,0,76.86,0,0,0.1,0.1,0,0.1,0,75.62,0,0,0.1,0.1,0,0.1,0,74.38,0,0,0.1,0.1,0,0.1,0,73.15,0,0,0.1,0.1,0,0.1,0,71.91,0,0,0.1,0.1,0,0.1,0,70.67,0,0,0.1,0.1,0,0.1,0,69.43,0,0,0.1,0.1,0,0.1,0,68.2,66.96
0,0,0.1,0.1,0,0.1,0,79.88,0,0,0.1,0.1,0,0.1,0,78.1,0,0,0.1,0.1,0,0.1,0,76.86,0,0,0.1,0.1,0,0.1,0,75.62,0,0,0.1,0.1,0,0.1,0,75.62,0,0,0.1,0.1,0,0.1,0,74.38,0,0,0.1,0.1,0,0.1,0,73.15,0,0,0.1,0.1,0,0.1,0,71.91,0,0,0.1,0.1,0,0.1,0,70.67,0,0,0.1,0.1,0,0.1,0,69.43,0,0,0.1,0.1,0,0.1,0,68.2,0,0,0.1,0.1,0,0.1,0,66.96,65.72
0,0,0.1,0.1,0,0.1,0,78.1,0,0,0.1,0.1,0,0.1,0,76.86,0,0,0.1,0.1,0,0.1,0,75.62,0,0,0.1,0.1,0,0.1,0,74.38,0,0,0.1,0.1,0,0.1,0,74.38,0,0,0.1,0.1,0,0.1,0,73.15,0,0,0.1,0.1,0,0.1,0,71.91,0,0,0.1,0.1,0,0.1,0,70.67,0,0,0.1,0.1,0,0.1,0,69.43,0,0,0.1,0.1,0,0.1,0,68.2,0,0,0.1,0.1,0,0.1,0,66.96,0,0,0.1,0.1,0,0.1,0,65.72,64.48
0,0,0.1,0.1,0,0.1,0,76.86,0,0,0.1,0.1,0,0.1,0,75.62,0,0,0.1,0.1,0,0.1,0,74.38,0,0,0.1,0.1,0,0.1,0,73.15,0,0,0.1,0.1,0,0.1,0,73.15,0,0,0.1,0.1,0,0.1,0,71.91,0,0,0.1,0.1,0,0.1,0,70.67,0,0,0.1,0.1,0,0.1,0,69.43,0,0,0.1,0.1,0,0.1,0,68.2,0,0,0.1,0.1,0,0.1,0,66.96,0,0,0.1,0.1,0,0.1,0,65.72,0,0,0.1,0.1,0,0.1,0,64.48,63.25
0,0,0.1,0.1,0,0.1,0,75.62,0,0,0.1,0.1,0,0.1,0,74.38,0,0,0.1,0.1,0,0.1,0,73.15,0,0,0.1,0.1,0,0.1,0,71.91,0,0,0.1,0.1,0,0.1,0,71.91,0,0,0.1,0.1,0,0.1,0,70.67,0,0,0.1,0.1,0,0.1,0,69.43,0,0,0.1,0.1,0,0.1,0,68.2,0,0,0.1,0.1,0,0.1,0,66.96,0,0,0.1,0.1,0,0.1,0,65.72,0,0,0.1,0.1,0,0.1,0,64.48,0,0,0.1,0.1,0,0.1,0,63.25,62.01
0,0,0.1,0.1,0,0.1,0,74.38,0,0,0.1,0.1,0,0.1,0,73.15,0,0,0.1,0.1,0,0.1,0,71.91,0,0,0.1,0.1,0,0.1,0,70.67,0,0,0.1,0.1,0,0.1,0,70.67,0,0,0.1,0.1,0,0.1,0,69.43,0,0,0.1,0.1,0,0.1,0,68.2,0,0,0.1,0.1,0,0.1,0,66.96,0,0,0.1,0.1,0,0.1,0,65.72,0,0,0.1,0.1,0,0.1,0,64.48,0,0,0.1,0.1,0,0.1,0,63.25,0,0,0.1,0.1,0,0.1,0,62.01,60.77
0,0,0.1,0.1,0,0.1,0,73.15,0,0,0.1,0.1,0,0.1,0,71.91,0,0,0.1,0.1,0,0.1,0,70.67,0,0,0.1,0.1,0,0.1,0,69.43,0,0,0.1,0.1,0,0.1,0,69.43,0,0,0.1,0.1,0,0.1,0,68.2,0,0,0.1,0.1,0,0.1,0,66.96,0,0,0.1,0.1,0,0.1,0,65.72,0,0,0.1,0.1,0,0.1,0,64.48,0,0,0.1,0.1,0,0.1,0,63.25,0,0,0.1,0.1,0,0.1,0,62.01,0,0,0.1,0.1,0,0.1,0,60.77,59.53
0,0,0.1,0.1,0,0.1,0,71.91,0,0,0.1,0.1,0,0.1,0,70.67,0,0,0.1,0.1,0,0.1,0,69.43,0,0,0.1,0.1,0,0.1,0,68.2,0,0,0.1,0.1,0,0.1,0,68.2,0,0,0.1,0.1,0,0.1,0,66.96,0,0,0.1,0.1,0,0.1,0,65.72,0,0,0.1,0.1,0,0.1,0,64.48,0,0,0.1,0.1,0,0.1,0,63.25,0,0,0.1,0.1,0,0.1,0,62.01,0,0,0.1,0.1,0,0.1,0,60.77,0,0,0.1,0.1,0,0.1,0,59.53,58.3
0,0,0.1,0.1,0,0.1,0,70.67,0,0,0.1,0.1,0,0.1,0,69.43,0,0,0.1,0.1,0,0.1,0,68.2,0,0,0.1,0.1,0,0.1,0,66.96,0,0,0.1,0.1,0,0.1,0,66.96,0,0,0.1,0.1,0,0.1,0,65.72,0,0,0.1,0.1,0,0.1,0,64.48,0,0,0.1,0.1,0,0.1,0,63.25,0,0,0.1,0.1,0,0.1,0,62.01,0,0,0.1,0.1,0,0.1,0,60.77,0,0,0.1,0.1,0,0.1,0,59.53,0,0,0.1,0.1,0,0.1,0,58.3,52.35
0,0,0.1,0.1,0,0.1,0,69.43,0,0,0.1,0.1,0,0.1,0,68.2,0,0,0.1,0.1,0,0.1,0,66.96,0,0,0.1,0.1,0,0.1,0,65.72,0,0,0.1,0.1,0,0.1,0,65.72,0,0,0.1,0.1,0,0.1,0,64.48,0,0,0.1,0.1,0,0.1,0,63.25,0,0,0.1,0.1,0,0.1,0,62.01,0,0,0.1,0.1,0,0.1,0,60.77,0,0,0.1,0.1,0,0.1,0,59.53,0,0,0.1,0.1,0,0.1,0,58.3,0,0,0.1,0.1,0,0.1,0,52.35,46.4
0,0,0.1,0.1,0,0.1,0,68.2,0,0,0.1,0.1,0,0.1,0,66.96,0,0,0.1,0.1,0,0.1,0,65.72,0,0,0.1,0.1,0,0.1,0,64.48,0,0,0.1,0.1,0,0.1,0,64.48,0,0,0.1,0.1,0,0.1,0,63.25,0,0,0.1,0.1,0,0.1,0,62.01,0,0,0.1,0.1,0,0.1,0,60.77,0,0,0.1,0.1,0,0.1,0,59.53,0,0,0.1,0.1,0,0.1,0,58.3,0,0,0.1,0.1,0,0.1,0,52.35,0,0,0.1,0.1,0,0.1,0,46.4,51.93
0,0,0.1,0.1,0,0.1,0,66.96,0,0,0.1,0.1,0,0.1,0,65.72,0,0,0.1,0.1,0,0.1,0,64.48,0,0,0.1,0.1,0,0.1,0,63.25,0,0,0.1,0.1,0,0.1,0,63.25,0,0,0.1,0.1,0,0.1,0,62.01,0,0,0.1,0.1,0,0.1,0,60.77,0,0,0.1,0.1,0,0.1,0,59.53,0,0,0.1,0.1,0,0.1,0,58.3,0,0,0.1,0.1,0,0.1,0,52.35,0,0,0.1,0.1,0,0.1,0,46.4,0,0,0.1,0.1,0,0.1,0,51.93,53.74
0,0,0.1,0.1,0,0.1,0,65.72,0,0,0.1,0.1,0,0.1,0,64.48,0,0,0.1,0.1,0,0.1,0,63.25,0,0,0.1,0.1,0,0.1,0,62.01,0,0,0.1,0.1,0,0.1,0,62.01,0,0,0.1,0.1,0,0.1,0,60.77,0,0,0.1,0.1,0,0.1,0,59.53,0,0,0.1,0.1,0,0.1,0,58.3,0,0,0.1,0.1,0,0.1,0,52.35,0,0,0.1,0.1,0,0.1,0,46.4,0,0,0.1,0.1,0,0.1,0,51.93,0,0,0.1,0.1,0,0.1,0,53.74,51.82
0,0,0.1,0.1,0,0.1,0,64.48,0,0,0.1,0.1,0,0.1,0,63.25,0,0,0.1,0.1,0,0.1,0,62.01,0,0,0.1,0.1,0,0.1,0,60.77,0,0,0.1,0.1,0,0.1,0,60.77,0,0,0.1,0.1,0,0.1,0,59.53,0,0,0.1,0.1,0,0.1,0,58.3,0,0,0.1,0.1,0,0.1,0,52.35,0,0,0.1,0.1,0,0.1,0,46.4,0,0,0.1,0.1,0,0.1,0,51.93,0,0,0.1,0.1,0,0.1,0,53.74,0,0,0.1,0.1,0,0.1,0,51.82,49.91
0,0,0.1,0.1,0,0.1,0,63.25,0,0,0.1,0.1,0,0.1,0,62.01,0,0,0.1,0.1,0,0.1,0,60.77,0,0,0.1,0.1,0,0.1,0,59.53,0,0,0.1,0.1,0,0.1,0,59.53,0,0,0.1,0.1,0,0.1,0,58.3,0,0,0.1,0.1,0,0.1,0,52.35,0,0,0.1,0.1,0,0.1,0,46.4,0,0,0.1,0.1,0,0.1,0,51.93,0,0,0.1,0.1,0,0.1,0,53.74,0,0,0.1,0.1,0,0.1,0,51.82,0,0,0.1,0.1,0,0.1,0,49.91,48
0,0,0.1,0.1,0,0.1,0,62.01,0,0,0.1,0.1,0,0.1,0,60.77,0,0,0.1,0.1,0,0.1,0,59.53,0,0,0.1,0.1,0,0.1,0,58.3,0,0,0.1,0.1,0,0.1,0,58.3,0,0,0.1,0.1,0,0.1,0,52.35,0,0,0.1,0.1,0,0.1,0,46.4,0,0,0.1,0.1,0,0.1,0,51.93,0,0,0.1,0.1,0,0.1,0,53.74,0,0,0.1,0.1,0,0.1,0,51.82,0,0,0.1,0.1,0,0.1,0,49.91,0,0,0.1,0.1,0,0.1,0,48,48
0,0,0.1,0.1,0,0.1,0,60.77,0,0,0.1,0.1,0,0.1,0,59.53,0,0,0.1,0.1,0,0.1,0,58.3,0,0,0.1,0.1,0,0.1,0,52.35,0,0,0.1,0.1,0,0.1,0,52.35,0,0,0.1,0.1,0,0.1,0,46.4,0,0,0.1,0.1,0,0.1,0,51.93,0,0,0.1,0.1,0,0.1,0,53.74,0,0,0.1,0.1,0,0.1,0,51.82,0,0,0.1,0.1,0,0.1,0,49.91,0,0,0.1,0.1,0,0.1,0,48,0,0,0.1,0.1,0,0.1,0,48,47.32
0,0,0.1,0.1,0,0.1,0,59.53,0,0,0.1,0.1,0,0.1,0,58.3,0,0,0.1,0.1,0,0.1,0,52.35,0,0,0.1,0.1,0,0.1,0,46.4,0,0,0.1,0.1,0,0.1,0,46.4,0,0,0.1,0.1,0,0.1,0,51.93,0,0,0.1,0.1,0,0.1,0,53.74,0,0,0.1,0.1,0,0.1,0,51.82,0,0,0.1,0.1,0,0.1,0,49.91,0,0,0.1,0.1,0,0.1,0,48,0,0,0.1,0.1,0,0.1,0,48,0,0,0.1,0.1,0,0.1,0,47.32,46.65
0,0,0.1,0.1,0,0.1,0,58.3,0,0,0.1,0.1,0,0.1,0,52.35,0,0,0.1,0.1,0,0.1,0,46.4,0,0,0.1,0.1,0,0.1,0,51.93,0,0,0.1,0.1,0,0.1,0,51.93,0,0,0.1,0.1,0,0.1,0,53.74,0,0,0.1,0.1,0,0.1,0,51.82,0,0,0.1,0.1,0,0.1,0,49.91,0,0,0.1,0.1,0,0.1,0,48,0,0,0.1,0.1,0,0.1,0,48,0,0,0.1,0.1,0,0.1,0,47.32,0,0,0.1,0.1,0,0.1,0,46.65,45.98
0,0,0.1,0.1,0,0.1,0,52.35,0,0,0.1,0.1,0,0.1,0,46.4,0,0,0.1,0.1,0,0.1,0,51.93,0,0,0.1,0.1,0,0.1,0,53.74,0,0,0.1,0.1,0,0.1,0,53.74,0,0,0.1,0.1,0,0.1,0,51.82,0,0,0.1,0.1,0,0.1,0,49.91,0,0,0.1,0.1,0,0.1,0,48,0,0,0.1,0.1,0,0.1,0,48,0,0,0.1,0.1,0,0.1,0,47.32,0,0,0.1,0.1,0,0.1,0,46.65,0,0,0.1,0.1,0,0.1,0,45.98,45.31
0,0,0.1,0.1,0,0.1,0,46.4,0,0,0.1,0.1,0,0.1,0,51.93,0,0,0.1,0.1,0,0.1,0,53.74,0,0,0.1,0.1,0,0.1,0,51.82,0,0,0.1,0.1,0,0.1,0,51.82,0,0,0.1,0.1,0,0.1,0,49.91,0,0,0.1,0.1,0,0.1,0,48,0,0,0.1,0.1,0,0.1,0,48,0,0,0.1,0.1,0,0.1,0,47.32,0,0,0.1,0.1,0,0.1,0,46.65,0,0,0.1,0.1,0,0.1,0,45.98,0,0,0.1,0.1,0,0.1,0,45.31,44.64
0,0,0.1,0.1,0,0.1,0,51.93,0,0,0.1,0.1,0,0.1,0,53.74,0,0,0.1,0.1,0,0.1,0,51.82,0,0,0.1,0.1,0,0.1,0,49.91,0,0,0.1,0.1,0,0.1,0,49.91,0,0,0.1,0.1,0,0.1,0,48,0,0,0.1,0.1,0,0.1,0,48,0,0,0.1,0.1,0,0.1,0,47.32,0,0,0.1,0.1,0,0.1,0,46.65,0,0,0.1,0.1,0,0.1,0,45.98,0,0,0.1,0.1,0,0.1,0,45.31,0,0,0.1,0.1,0,0.1,0,44.64,43.97
0,0,0.1,0.1,0,0.1,0,53.74,0,0,0.1,0.1,0,0.1,0,51.82,0,0,0.1,0.1,0,0.1,0,49.91,0,0,0.1,0.1,0,0.1,0,48,0,0,0.1,0.1,0,0.1,0,48,0,0,0.1,0.1,0,0.1,0,48,0,0,0.1,0.1,0,0.1,0,47.32,0,0,0.1,0.1,0,0.1,0,46.65,0,0,0.1,0.1,0,0.1,0,45.98,0,0,0.1,0.1,0,0.1,0,45.31,0,0,0.1,0.1,0,0.1,0,44.64,0,0,0.1,0.1,0,0.1,0,43.97,43.3
0,0,0.1,0.1,0,0.1,0,51.82,0,0,0.1,0.1,0,0.1,0,49.91,0,0,0.1,0.1,0,0.1,0,48,0,0,0.1,0.1,0,0.1,0,48,0,0,0.1,0.1,0,0.1,0,48,0,0,0.1,0.1,0,0.1,0,47.32,0,0,0.1,0.1,0,0.1,0,46.65,0,0,0.1,0.1,0,0.1,0,45.98,0,0,0.1,0.1,0,0.1,0,45.31,0,0,0.1,0.1,0,0.1,0,44.64,0,0,0.1,0.1,0,0.1,0,43.97,0,0,0.1,0.1,0,0.1,0,43.3,43.3
0,0,0.1,0.1,0,0.1,0,49.91,0,0,0.1,0.1,0,0.1,0,48,0,0,0.1,0.1,0,0.1,0,48,0,0,0.1,0.1,0,0.1,0,47.32,0,0,0.1,0.1,0,0.1,0,47.32,0,0,0.1,0.1,0,0.1,0,46.65,0,0,0.1,0.1,0,0.1,0,45.98,0,0,0.1,0.1,0,0.1,0,45.31,0,0,0.1,0.1,0,0.1,0,44.64,0,0,0.1,0.1,0,0.1,0,43.97,0,0,0.1,0.1,0,0.1,0,43.3,0,0,0.1,0.1,0,0.1,0,43.3,43.3
